Sport,Date,Competition,Description
AmericanFootball,02-Oct 01:00,NCAA Division I FBS,Western Kentucky Hilltoppers @ New Mexico State Aggies
AmericanFootball,02-Oct 01:15,US NFL,Pittsburgh Steelers @ Cleveland Browns
AmericanFootball,02-Oct 02:00,NCAA Division I FBS,North Texas Mean Green @ Tulsa Golden Hurricane
AustralianRules,01-Oct 10:15,AFL Women's,Carlton Women v Hawthorn Hawks Womens
AustralianRules,02-Oct 10:15,AFL Women's,Richmond Tigers Women v Geelong Cats Women
Baseball,29-Sep 10:00,Japan NPB,Chiba Lotte Marines @ Tohoku Rakuten Golden Eagles
Baseball,29-Sep 10:00,Japan NPB,Orix Buffaloes @ Saitama Seibu Lions
Baseball,29-Sep 10:00,Japan NPB,Hiroshima Toyo Carp @ Yomiuri Giants
Baseball,29-Sep 10:00,Japan NPB,Tokyo Yakult Swallows @ Hanshin Tigers
Baseball,29-Sep 10:30,Korea Baseball Championship,LG Twins @ SSG Landers
Baseball,29-Sep 10:30,Korea Baseball Championship,KT Wiz Suwon @ Kia Tigers
Baseball,29-Sep 10:30,Korea Baseball Championship,Hanwha Eagles @ Samsung Lions
Baseball,29-Sep 10:30,Korea Baseball Championship,NC Dinos @ Doosan Bears
Baseball,29-Sep 10:30,Korea Baseball Championship,Kiwoom Heroes @ Lotte Giants
Baseball,29-Sep 19:00,US Major League Baseball,Philadelphia Phillies @ Atlanta Braves
Baseball,29-Sep 22:00,US Major League Baseball,Chicago White Sox @ Houston Astros
Baseball,30-Sep 01:00,US Major League Baseball,Boston Red Sox @ New York Yankees
Baseball,30-Sep 03:00,US Major League Baseball,Chicago Cubs @ San Diego Padres
Baseball,30-Sep 10:00,Japan NPB,Chiba Lotte Marines @ Tohoku Rakuten Golden Eagles
Baseball,30-Sep 10:00,Japan NPB,Tokyo Yakult Swallows @ Hanshin Tigers
Baseball,30-Sep 10:30,Korea Baseball Championship,NC Dinos @ Doosan Bears
Baseball,30-Sep 10:30,Korea Baseball Championship,KT Wiz Suwon @ Kia Tigers
Baseball,30-Sep 10:30,Korea Baseball Championship,Hanwha Eagles @ Samsung Lions
Baseball,30-Sep 10:30,Korea Baseball Championship,LG Twins @ SSG Landers
Baseball,30-Sep 10:30,Korea Baseball Championship,Kiwoom Heroes @ Lotte Giants
Baseball,30-Sep 11:35,Chinese Professional Baseball League,WEI Chuan Dragons @ Rakuten Monkeys
Baseball,30-Sep 11:35,Chinese Professional Baseball League,Uni-President 7-Eleven Lions @ Fubon Guardians
Baseball,30-Sep 11:35,Chinese Professional Baseball League,Chinatrust Brothers @ TSG Hawks
Baseball,30-Sep 19:00,US Major League Baseball,Philadelphia Phillies @ Atlanta Braves
Baseball,30-Sep 22:00,US Major League Baseball,Chicago White Sox @ Houston Astros
Baseball,01-Oct 01:00,US Major League Baseball,Boston Red Sox @ New York Yankees
Baseball,01-Oct 03:00,US Major League Baseball,Chicago Cubs @ San Diego Padres
Baseball,01-Oct 10:00,Japan NPB,Chunichi Dragons @ Hiroshima Toyo Carp
Baseball,01-Oct 10:00,Japan NPB,Hokkaido Nippon Ham Fighters @ Chiba Lotte Marines
Baseball,01-Oct 10:00,Japan NPB,Yomiuri Giants @ Hanshin Tigers
Baseball,01-Oct 10:00,Japan NPB,Fukuoka SoftBank Hawks @ Tohoku Rakuten Golden Eagles
Baseball,01-Oct 10:00,Japan NPB,Fukuoka SoftBank Hawks @ Tohoku Rakuten Golden Eagles
Baseball,01-Oct 10:30,Korea Baseball Championship,LG Twins @ SSG Landers
Baseball,01-Oct 10:30,Korea Baseball Championship,Hanwha Eagles @ Samsung Lions
Baseball,01-Oct 10:30,Korea Baseball Championship,NC Dinos @ Doosan Bears
Baseball,01-Oct 10:30,Korea Baseball Championship,KT Wiz Suwon @ Kia Tigers
Baseball,01-Oct 11:35,Chinese Professional Baseball League,Uni-President 7-Eleven Lions @ WEI Chuan Dragons
Baseball,01-Oct 11:35,Chinese Professional Baseball League,Rakuten Monkeys @ TSG Hawks
Baseball,01-Oct 19:00,US Major League Baseball,Philadelphia Phillies @ Atlanta Braves
Baseball,01-Oct 22:00,US Major League Baseball,Chicago White Sox @ Houston Astros
Baseball,02-Oct 01:00,US Major League Baseball,Boston Red Sox @ New York Yankees
Baseball,02-Oct 03:00,US Major League Baseball,Chicago Cubs @ San Diego Padres
Baseball,02-Oct 10:00,Japan NPB,Fukuoka SoftBank Hawks @ Chiba Lotte Marines
Baseball,02-Oct 10:00,Japan NPB,Yomiuri Giants @ Tokyo Yakult Swallows
Baseball,02-Oct 11:35,Chinese Professional Baseball League,WEI Chuan Dragons @ Fubon Guardians
Baseball,02-Oct 11:35,Chinese Professional Baseball League,Rakuten Monkeys @ TSG Hawks
Basketball,29-Sep 03:15,Mexico LNBP,Diablos Rojos v Astros de Jalisco
Basketball,29-Sep 16:30,Finland Korisliiga,Salon Vilpas v Tapiolan Honka
Basketball,29-Sep 16:30,Finland Korisliiga,KTP-Basket v Nilan Bisons
Basketball,29-Sep 16:30,Finland Korisliiga,Joensuun Kataja v Helsinki Seagulls
Basketball,29-Sep 17:00,EuroCup (M),BC Neptunas v Aquila Trento
Basketball,29-Sep 17:00,Latvia - Estonian Basketball League,Valmiera Glass VIA v Keila Coolbet
Basketball,29-Sep 17:00,Euroleague,BC Dubai v FC Barcelona Regal
Basketball,29-Sep 17:00,Latvia - Estonian Basketball League,BK VEF Riga v Keila Korvpallikool
Basketball,29-Sep 17:00,Hungary NB1-A,Szolnoki Olaj v Kaposvari KK
Basketball,29-Sep 17:00,Slovenia Liga Telemach,Krka v Zlatorog Lasko
Basketball,29-Sep 18:00,Norway BLNO,Baerum Basket v Kongsberg Miners
Basketball,29-Sep 18:00,EuroCup (M),Tofas SK v BV Chemnitz 99
Basketball,29-Sep 18:00,Euroleague,Zalgiris Kaunas v Olympiakos BC
Basketball,29-Sep 18:00,EuroCup (M),Hapoel Jerusalem v Rostock Seawolves
Basketball,29-Sep 18:00,Euroleague,Anadolu Efes v Real Madrid
Basketball,29-Sep 18:04,Sweden Ligan,Umea BSKT v Sodertalje Kings
Basketball,29-Sep 18:04,Sweden Ligan,Nassjo Basket v Dolphins
Basketball,29-Sep 18:04,Sweden Ligan,Hogsbo v Boras Basket
Basketball,29-Sep 18:04,Sweden Ligan,Jamtland Basket v BC Lulea
Basketball,29-Sep 18:30,Switzerland LNA,GC Zurich v Geneva Lions
Basketball,29-Sep 18:45,Euroleague,Fenerbahce v FC Bayern Munich Basketball
Basketball,29-Sep 19:00,Euroleague,KK Crvena Zvezda Beograd v Hapoel Tel Aviv
Basketball,29-Sep 19:00,EuroCup (M),Le Mans v Aris Thessaloniki BC
Basketball,29-Sep 19:30,Euroleague,Olimpia Milano v Virtus Bologna
Basketball,29-Sep 19:30,EuroCup (M),Reyer Venezia Mestre v Skyliners Frankfurt
Basketball,29-Sep 19:30,Euroleague,Valencia BC v Cazoo Baskonia Vitoria Gasteiz
Basketball,29-Sep 19:45,Euroleague,Paris v Partizan Belgrade
Basketball,29-Sep 20:15,Iceland Premier League Women,Haukar Hafnarfjördur Women v Athena Women
Basketball,29-Sep 20:15,Iceland Premier League Women,KR Women v Stjarnan Women
Basketball,29-Sep 20:15,Iceland Premier League Women,Armann Women v Grindavik Women
Basketball,29-Sep 20:15,Iceland Premier League Women,Tindastoll Women v Keflavik Women
Basketball,29-Sep 20:15,Iceland Premier League Women,Tindastoll Women v Keflavik Women
Basketball,29-Sep 23:30,WNBA,Las Vegas Aces @ Indiana Fever
Basketball,30-Sep 01:30,WNBA,Minnesota Lynx @ New York Liberty
Basketball,30-Sep 08:35,Australia NBL,New Zealand Breakers v Cairns Taipans
Basketball,30-Sep 10:35,Australia NBL,Sydney Kings v Brisbane Bullets
Basketball,30-Sep 16:00,Slovakia Extraliga,MBK Lucenec v Inter Bratislava
Basketball,30-Sep 16:30,Finland Korisliiga,Namika Lahti v Kipina Basket
Basketball,30-Sep 16:30,EuroCup (M),BC Siauliai v London Lions
Basketball,30-Sep 16:30,Finland Korisliiga,UU-Korihait v Tampereen Pyrinto
Basketball,30-Sep 16:30,Finland Korisliiga,Kouvot v Kauhajoen Karhu
Basketball,30-Sep 17:00,Slovakia Extraliga,BK 04 AC LB Spisska Nova Ves v MBK Rieker Komarno
Basketball,30-Sep 17:00,Czech Republic NBL,Slavia Prague v BK Olomoucko
Basketball,30-Sep 17:00,Latvia - Estonian Basketball League,Liepajas Lauvas v Tartu Rock
Basketball,30-Sep 17:00,Czech Republic NBL,BK Lokomotiva Plzen v USK Praha
Basketball,30-Sep 17:00,FIBAEurope Cup,KK Parnu v Neftchi IK Baku
Basketball,30-Sep 17:00,Slovakia Extraliga,BK Iskra Svit v Kosice Wolves
Basketball,30-Sep 17:00,FIBAEurope Cup,Dinamo Bucuresti v KB Peja
Basketball,30-Sep 17:00,Slovakia Extraliga,MBK Handlova v Nitra Blue Wings
Basketball,30-Sep 17:00,Slovakia Extraliga,BK Levicki Patrioti v Inter Basket
Basketball,30-Sep 17:00,Euroleague Women,UE Sopron Women v BC Kibirkstis Vilnius II (VKM) Women
Basketball,30-Sep 17:00,Czech Republic NBL,SLUNETA Usti nad Labem v BK Opava
Basketball,30-Sep 17:00,Euroleague Women,DVTK Miskolc Women v ZKK Crvena Zvezda Women
Basketball,30-Sep 17:00,EuroCup (M),Bahcesehir Koleji v BC Roma
Basketball,30-Sep 17:00,Czech Republic NBL,Sokol Pisek v BK JIP Pardubice
Basketball,30-Sep 17:00,EuroCup (M),BK Rigas Zelli v Derthona Basket
Basketball,30-Sep 17:00,Czech Republic NBL,BK Decin v MMCITE Brno
Basketball,30-Sep 17:00,Slovenia Liga Telemach,Triglav Kranj v KD Ilirija
Basketball,30-Sep 17:00,Czech Republic NBL,NH Ostrava v TJ Sokol Hradec Kralove
Basketball,30-Sep 17:00,Hungary NB1-A,Alba Fehervar v Sopron KC
Basketball,30-Sep 17:30,EuroCup (M),BC Lietkabelis v KK Bosna Sarajevo
Basketball,30-Sep 17:30,Denmark Basketligaen,Bakken Bears v Gladsaxe
Basketball,30-Sep 17:30,Denmark Basketligaen,Bakken Bears v Gladsaxe
Basketball,30-Sep 17:30,EuroCup (M),PAOK Thessaloniki v Assignia Manresa
Basketball,30-Sep 18:00,Norway BLNO,Tnt Towers v Ammerud Basket
Basketball,30-Sep 18:00,FIBAEurope Cup,BC Prievidza v Samobor
Basketball,30-Sep 18:00,Lithuania NKL,Omega-Tauras v Kedainiu SC
Basketball,30-Sep 18:00,Denmark Basketligaen,Team FOG Naestved v theView Copenhagen
Basketball,30-Sep 18:00,EuroCup (M),Slask Wroclaw v Buducnost VOLI
Basketball,30-Sep 18:00,Poland 1 Liga Mezczyzn,Polonia 1912 Leszno v Decka Pelplin
Basketball,30-Sep 18:00,EuroCup (M),Ratiopharm Ulm v Balkan Botevgrad
Basketball,30-Sep 18:00,Poland 1 Liga Mezczyzn,Polpharma Starogard Gdanski v LKS Lodz
Basketball,30-Sep 18:30,Euroleague Women,Reyer Venezia Mestre Women v Flammes Carolo Basket Women
Basketball,30-Sep 18:30,Switzerland LNA,Sam Basket Massagno v Pully Lausanne Basket
Basketball,30-Sep 18:30,Switzerland LNA,BBC Monthey v Fribourg Olympic
Basketball,30-Sep 18:30,Eurocup (W),ASD Geas Basket Women v CAB Estepona Women
Basketball,30-Sep 18:30,Switzerland LNA,Neuchatel v Lugano Basket
Basketball,30-Sep 18:30,Switzerland LNA,BBC Nyon v Starwings Basket Regio Basel
Basketball,30-Sep 19:00,EuroCup (M),Gevi Napoli Basket v Bourg-en-Bresse
Basketball,30-Sep 19:05,Euroleague,Maccabi Tel Aviv v Besiktas JK
Basketball,30-Sep 19:15,Euroleague,Panathinaikos BC v Asvel Villeurbanne
Basketball,30-Sep 19:15,Euroleague Women,Spar Citylift Girona Women v Emlak Konut Women
Basketball,30-Sep 19:30,EuroCup (M),San Pablo Inmobiliaria Burgos v Cedevita Olimpija
Basketball,30-Sep 20:00,EuroCup (M),Maxima Roma v U BT Cluj Napoca
Basketball,30-Sep 20:01,EuroCup (M),Lenovo Tenerife v Turk Telekom
Basketball,30-Sep 20:15,Iceland Premier League Women,Valur Women v Njardvik Women
Basketball,30-Sep 20:15,Iceland Premier League Women,Haukar Hafnarfjördur Women v Fjolnir Women
Basketball,01-Oct 00:00,Chile LNB,Puente Alto v Espanol Osorno
Basketball,01-Oct 00:00,WNBA,Atlanta Dream @ Washington Mystics
Basketball,01-Oct 00:30,Argentina LNB,Penarol (MdP) v Gimnasia y Esgrima (CR)
Basketball,01-Oct 01:00,Argentina LNB,Argentino de Junin v Ferro Caba
Basketball,01-Oct 01:30,Argentina LNB,Ciclista Olimpico v Platense
Basketball,01-Oct 01:30,Chile LNB,Colegio Los Leones de Quilpue v Deportivo Valdivia
Basketball,01-Oct 01:30,Chile LNB,Colegio Los Leones de Quilpue v Deportivo Valdivia
Basketball,01-Oct 01:30,Argentina LNB,San Martin Corrientes v Instituto (C)
Basketball,01-Oct 02:00,WNBA,Golden State Valkyries @ Dallas Wings
Basketball,01-Oct 10:35,Australia NBL,Tasmania JackJumpers v Melbourne United
Basketball,01-Oct 16:00,Lithuania NKL,Zalgiris 2 v Vilkaviskis
Basketball,01-Oct 16:00,Ukraine Super League,BC Rivne v Harkivsky Sokoly
Basketball,01-Oct 17:00,Lithuania NKL,Ukmerges Stekas v Vytis VDU
Basketball,01-Oct 17:00,Latvia - Estonian Basketball League,RBS Rigas Juniori v Latvijas Universitate
Basketball,01-Oct 17:00,Lithuania NKL,BC Olimpas Palanga v Mazeikiai
Basketball,01-Oct 17:00,Lithuania NKL,Jurbarkas v Alytaus Alytus
Basketball,01-Oct 17:00,Lithuania NKL,Kretinga v Klaipedos Neptunas 2
Basketball,01-Oct 17:00,Lithuania NKL,Plunge Olimpas v Silute
Basketball,01-Oct 17:00,Lithuania NKL,Rytas 2 v KK Telsiai
Basketball,01-Oct 17:00,Ukraine Super League,Staryi Lutsk-Universitet v BC Kiev
Basketball,01-Oct 17:00,Euroleague,Hapoel Tel Aviv v Real Madrid
Basketball,01-Oct 18:00,Eurocup (W),Saarlouis Royals Women v Geneve LPLO Women
Basketball,01-Oct 18:00,Austria Superliga,Redwell Gunners Oberwart v BC Zepter Vienna
Basketball,01-Oct 18:00,Eurocup (W),Levharti Chomutov Women v Chartres Women
Basketball,01-Oct 18:00,Denmark Basketligaen,Holbaek v BMS Herlev
Basketball,01-Oct 19:00,Euroleague,KK Crvena Zvezda Beograd v Anadolu Efes
Basketball,01-Oct 19:00,Germany BBL,Science City Jena v SC Rasta Vechta
Basketball,01-Oct 19:15,Eurocup (W),Ferrol Women v BC Beroe Women
Basketball,01-Oct 19:30,Euroleague,Virtus Bologna v Olympiakos BC
Basketball,01-Oct 19:45,Euroleague,Paris v Zalgiris Kaunas
Basketball,02-Oct 00:00,Chile LNB,Colegio Los Leones de Quilpue v Espanol Osorno
Basketball,02-Oct 00:00,Chile LNB,Colo Colo v Espanol Talca
Basketball,02-Oct 00:00,WNBA,New York Liberty @ Minnesota Lynx
Basketball,02-Oct 00:30,Chile LNB,Puente Alto v Deportivo Valdivia
Basketball,02-Oct 01:30,Argentina LNB,Ciclista Olimpico v Platense
Basketball,02-Oct 02:00,WNBA,Indiana Fever @ Las Vegas Aces
Basketball,02-Oct 02:15,Mexico LNBP,Correcaminos UAT Victoria v Lobos Plateados
Basketball,02-Oct 02:15,Mexico LNBP,Correcaminos UAT Victoria v Lobos Plateados
Basketball,02-Oct 02:15,Mexico LNBP,El Calor de Cancun v Gambusinos
Basketball,02-Oct 03:00,Mexico LNBP,CB Santos San Luis v Freseros
Basketball,02-Oct 03:05,Mexico LNBP,Mineros Zacatecas v Abejas de Leon
Basketball,02-Oct 03:30,Mexico LNBP,Panteras de Aguascalientes v Dorados de Chihuahua
Basketball,02-Oct 04:00,Mexico LNBP,Soles de Mexicali v Diablos Rojos
Basketball,02-Oct 07:30,New Zealand NBL Women,Mid-North Whai Women v Southern Hoiho Women
Basketball,02-Oct 10:35,Australia NBL,Illawarra Hawks v Adelaide 36ers
Basketball,02-Oct 11:05,Japan B League,Chiba Jets v Alvark Tokyo
Basketball,02-Oct 11:30,Japan B League,Hiroshima Dragonflies v Kobe
Cricket,29-Sep 07:00,WNCL,Western Australia Women v Tasmania Tigers
Cricket,29-Sep 09:50,Uttarakhand Premier League,Rishikesh Falcons v Pithoragarh Hurricanes
Cricket,29-Sep 11:45,Uttarakhand Premier League,USN Indians v Haridwar Spring Elmas
Cricket,29-Sep 12:00,Emirates D10,Sharjah v Emirates Red
Cricket,29-Sep 12:00,CSA Pro20 Cup,CSA Emerging v Tuskers
Cricket,29-Sep 12:30,NCR T20 League,Gurugram Gladiators v Faridabad Firebirds
Cricket,29-Sep 13:00,CSA Pro20 Cup,Warriors (SA) v Limpopo Impalas
Cricket,29-Sep 13:40,Uttarakhand Premier League,Pithoragarh Hurricanes v Dehradun Warriors
Cricket,29-Sep 14:15,Emirates D10,Abu Dhabi v Emirates Blues
Cricket,29-Sep 15:00,Odisha T20 League,Sambalpur Warriors v Bhubaneshwar Tigers
Cricket,29-Sep 15:35,Uttarakhand Premier League,Rishikesh Falcons v Naintal Tigers
Cricket,29-Sep 16:30,Emirates D10,Emirates Red v Dubai
Cricket,29-Sep 17:00,CSA Pro20 Cup,Rocks v Knights
Cricket,29-Sep 18:30,KCC T20 Summer League,Pro Sports Titans v Lexus
Cricket,29-Sep 18:45,Emirates D10,Abu Dhabi v Ajman
Cricket,29-Sep 21:30,Women's Canada Super 60,Toronto Sixers Womens v Vancouver Thunderbirds Womens
Cricket,30-Sep 00:00,Canada Super 60,White Rock Warriors v Brampton Blitz
Cricket,30-Sep 02:45,Canada Super 60,Montreal Royal Tigers v Toronto Sixers
Cricket,30-Sep 06:30,Uttarakhand Premier League,Tehri Titans v Dehradun Warriors
Cricket,30-Sep 06:45,Canada Super 60,Mississauga Masters v Vancouver Kings
Cricket,30-Sep 07:00,Kerala Tour of Oman T20s,Oman v Kerala
Cricket,30-Sep 08:00,Mashwest T10,Tabatana Cricket Club v Chegutu Cricket Club
Cricket,30-Sep 08:30,Women's One Day International,Zimbabwe Women v West Indies Women
Cricket,30-Sep 08:30,NCR T20 League,Delhi Dynamos v Faridabad Firebirds
Cricket,30-Sep 09:30,One Day International,India v West Indies
Cricket,30-Sep 10:00,Mashwest T10,Rimuka Cricket Club v Mbizo Cricket Club
Cricket,30-Sep 10:30,Uttarakhand Premier League,USN Indians v Naintal Tigers
Cricket,30-Sep 12:00,CSA Pro20 Cup,Eastern Storm v Mpumalanga Rhinos
Cricket,30-Sep 12:00,Emirates D10,Emirates Blues v Fujairah
Cricket,30-Sep 12:00,Mashwest T10,Chegutu Cricket Club v Mbizo Cricket Club
Cricket,30-Sep 12:30,One Day International,South Africa v Australia
Cricket,30-Sep 12:30,One Day International,South Africa v Australia
Cricket,30-Sep 12:30,NCR T20 League,Yamuna Warriors v Ghaziabad Giants
Cricket,30-Sep 14:00,Mashwest T10,Tabatana Cricket Club v Nortonians Cricket Club
Cricket,30-Sep 14:15,Emirates D10,Abu Dhabi v Dubai
Cricket,30-Sep 16:30,Emirates D10,Sharjah v Emirates Blues
Cricket,30-Sep 17:00,CSA Pro20 Cup,Dolphins v Northern Cape Heat
Cricket,30-Sep 18:30,KCC T20 Summer League,Stack CC B v Trinity CC
Cricket,30-Sep 18:45,Emirates D10,Abu Dhabi v Emirates Blues
Cricket,30-Sep 21:30,Canada Super 60,Toronto Sixers v Brampton Blitz
Cricket,01-Oct 00:00,Canada Super 60,Vancouver Kings v Montreal Royal Tigers
Cricket,01-Oct 00:30,WNCL,New South Wales Women v Queensland Fire
Cricket,01-Oct 01:00,Asian Games Men,Pakistan v Bangladesh
Cricket,01-Oct 02:45,Canada Super 60,White Rock Warriors v Mississauga Masters
Cricket,01-Oct 05:00,WNCL,Victoria Women v South Australia Women
Cricket,01-Oct 05:30,Asian Games Men,India v Sri Lanka
Cricket,01-Oct 06:45,Women's Canada Super 60,Vancouver Anchors Women v Toronto Sixers Womens
Cricket,01-Oct 07:00,WNCL,Western Australia Women v Tasmania Tigers
Cricket,01-Oct 08:00,Mashwest T10,Rimuka Cricket Club v Chegutu Cricket Club
Cricket,01-Oct 08:30,NCR T20 League,Gurugram Gladiators v Noida Ninjas
Cricket,01-Oct 10:00,Mashwest T10,Rimuka Cricket Club v Kadoma Cricket Club
Cricket,01-Oct 12:00,Mashwest T10,Nortonians Cricket Club v Mbizo Cricket Club
Cricket,01-Oct 12:00,Emirates D10,Sharjah v Abu Dhabi
Cricket,01-Oct 12:00,German Super League Stuttgart T10,BWCV XI v TSGR Stallions
Cricket,01-Oct 12:00,CSA Pro20 Cup,Garden Route Badgers v Eastern Cape Iinyathi
Cricket,01-Oct 12:30,NCR T20 League,Aravali Avengers v Capital Cruisers
Cricket,01-Oct 14:00,Mashwest T10,Nortonians Cricket Club v Chegutu Cricket Club
Cricket,01-Oct 14:15,Emirates D10,Emirates Blues v Dubai
Cricket,01-Oct 16:00,German Super League Stuttgart T10,TSGR Stallions v TSVM Sharks
Cricket,01-Oct 16:30,Emirates D10,Abu Dhabi v Fujairah
Cricket,01-Oct 17:30,KCC T20 Summer League,Avengers XI v Challenging Stars
Cricket,01-Oct 18:45,Emirates D10,Ajman v Dubai
Cricket,01-Oct 18:45,Emirates D10,Ajman v Dubai
Cricket,01-Oct 21:30,Women's Canada Super 60,Vancouver Thunderbirds Womens v Vancouver Anchors Women
Cricket,02-Oct 00:00,Canada Super 60,Vancouver Kings v Brampton Blitz
Cricket,02-Oct 02:45,Canada Super 60,Toronto Sixers v White Rock Warriors
Cricket,02-Oct 06:00,Pakistan U19 Women Tri-Series T20s,Pakistan Women U19 v Bangladesh Women Under 19
Cricket,02-Oct 06:45,Canada Super 60,Montreal Royal Tigers v Mississauga Masters
Cricket,02-Oct 08:00,Mashwest T10,Chegutu Cricket Club v Kadoma Cricket Club
Cricket,02-Oct 08:00,German Super League Stuttgart T10,BWCV XI v SV Esslingen
Cricket,02-Oct 09:30,"ECS Spain, Ibiza",London New Zealand v Defence Sikh Network
Cricket,02-Oct 10:00,Mashwest T10,Rimuka Cricket Club v Mbizo Cricket Club
Cricket,02-Oct 10:00,German Super League Stuttgart T10,BWCV XI v TSGR Stallions
Cricket,02-Oct 11:30,"ECS Spain, Ibiza",Defence Sikh Network v Ibiza CC
Cricket,02-Oct 12:00,Emirates D10,Abu Dhabi v Ajman
Cricket,02-Oct 12:00,CSA Pro20 Cup,Mpumalanga Rhinos v Tuskers
Cricket,02-Oct 12:00,Mashwest T10,Rimuka Cricket Club v Nortonians Cricket Club
Cricket,02-Oct 12:00,German Super League Stuttgart T10,SV Esslingen v TSGR Stallions
Darts,29-Sep 12:10,Modus Super Series,Jamie Atkins v Jim Widmayer
Darts,29-Sep 12:25,Modus Super Series,Jeff Smith v Robert Thornton
Darts,29-Sep 12:40,Modus Super Series,Jim Widmayer v Nico Plovier
Darts,29-Sep 12:55,Modus Super Series,Michael Wiles v Jeff Smith
Darts,29-Sep 13:10,Modus Super Series,Robert Thornton v Jamie Atkins
Darts,29-Sep 18:15,World Grand Prix,Chris Dobey v Jermaine Wattimena
Darts,29-Sep 18:45,World Grand Prix,Ryan Searle v William O'Connor
Darts,29-Sep 19:20,World Grand Prix,Josh Rock v Niels Zonneveld
Darts,29-Sep 19:50,World Grand Prix,James Wade v Joe Cullen
Darts,29-Sep 20:25,World Grand Prix,Gary Anderson v Damon Heta
Darts,29-Sep 20:55,World Grand Prix,Gian van Veen v Dirk van Duijvenbode
Darts,29-Sep 21:30,World Grand Prix,Luke Humphries v Dave Chisnall
Darts,29-Sep 22:00,World Grand Prix,Stephen Bunting v Andrew Gilding
Darts,30-Sep 09:40,Modus Super Series,Jeff Smith v Michael Wiles
Darts,30-Sep 09:55,Modus Super Series,Jamie Atkins v Nico Plovier
Darts,30-Sep 10:10,Modus Super Series,Jim Widmayer v Robert Thornton
Darts,30-Sep 10:25,Modus Super Series,Michael Wiles v Jamie Atkins
Darts,30-Sep 10:40,Modus Super Series,Robert Thornton v Jeff Smith
Darts,30-Sep 10:55,Modus Super Series,Nico Plovier v Jim Widmayer
Darts,30-Sep 11:10,Modus Super Series,Michael Wiles v Robert Thornton
Darts,30-Sep 11:25,Modus Super Series,Jamie Atkins v Jim Widmayer
Darts,30-Sep 11:40,Modus Super Series,Jeff Smith v Nico Plovier
Darts,30-Sep 11:55,Modus Super Series,Robert Thornton v Jamie Atkins
Darts,30-Sep 12:10,Modus Super Series,Nico Plovier v Michael Wiles
Darts,30-Sep 12:25,Modus Super Series,Jim Widmayer v Jeff Smith
Darts,30-Sep 12:40,Modus Super Series,Nico Plovier v Robert Thornton
Darts,30-Sep 12:55,Modus Super Series,Jeff Smith v Jamie Atkins
Darts,30-Sep 13:10,Modus Super Series,Michael Wiles v Jim Widmayer
Darts,30-Sep 19:00,World Grand Prix,Gerwyn Price v Ross Smith
Darts,30-Sep 19:00,World Grand Prix,Danny Noppert v Ryan Joyce
Darts,30-Sep 19:00,World Grand Prix,Jonny Clayton v Wessel Nijman
Darts,30-Sep 19:00,World Grand Prix,Jonny Clayton v Wessel Nijman
Darts,30-Sep 19:00,World Grand Prix,Luke Woodhouse v Nathan Aspinall
Football,29-Sep 09:30,Thai League U21,Chainat Hornbill FC U21 v Port FC U21
Football,29-Sep 09:30,Thai League U21,Kasem Bundit University FC U21 v Buriram United U21
Football,29-Sep 10:30,International Friendly U20,France U20 v England U20
Football,29-Sep 11:00,International Friendly,Australia v Brazil
Football,29-Sep 11:00,Japan J-League Cup,Montedio Yamagata v Yokohama F. Marinos
Football,29-Sep 11:00,Japan J-League Cup,Consadole Sapporo v Fagiano Okayama FC
Football,29-Sep 11:00,Japan J-League Cup,Jubilo Iwata v JEF United Chiba
Football,29-Sep 11:00,Japan J-League Cup,Toyama v Urawa Red Diamonds
Football,29-Sep 11:00,Japan J-League Cup,Fukushima United v Mito HollyHock
Football,29-Sep 11:00,Japan J-League Cup,Zweigen Kanazawa v Shimizu S-Pulse
Football,29-Sep 11:00,Japan J-League Cup,Kumamoto v Kawasaki Frontale
Football,29-Sep 11:00,Japan J-League Cup,Gainare Tottori v V-Varen Nagasaki
Football,29-Sep 11:00,Japan J-League Cup,Ehime v FC Tokyo
Football,29-Sep 11:00,Japan J-League Cup,Fujieda MYFC v Cerezo Osaka
Football,29-Sep 11:00,Japan J-League Cup,Giravanz Kitakyushu v Nagoya Grampus Eight
Football,29-Sep 11:00,Japan J-League Cup,Sagan Tosu v Tokyo Verdy
Football,29-Sep 11:00,Japan J-League Cup,Matsumoto Yamaga v Albirex Niigata
Football,29-Sep 11:00,Japan J-League Cup,FC Gifu v Yokohama FC
Football,29-Sep 11:00,Japan J-League Cup,FC Osaka v Avispa Fukuoka
Football,29-Sep 11:00,Japan J-League Cup,Tochigi City v Hiroshima Sanfrecce FC
Football,29-Sep 11:00,International Friendly U20,Portugal U20 v Switzerland U20
Football,29-Sep 11:30,Liga II Women,ACS Kids Tampa 2015 Brasov (women) v ACS Vulpitele Galbene Women
Football,29-Sep 11:30,Asian Games Women,Japan Women v South Korea Women
Football,29-Sep 12:00,Hungary NB III Southwest,MTK Budapest II v Majosi SE
Football,29-Sep 12:00,China League One,Wuxi Wugou v Ningbo Professional
Football,29-Sep 12:00,Portugal Liga Revelacao U23,Santa Clara U23 v FC Felgueiras 1932 U23
Football,29-Sep 12:00,Division Reserva U21,Club Libertad Asuncion U21 v Club Olimpia Asuncion U21
Football,29-Sep 12:00,Kosovo U19 Superliga,KF Trepca 89 U19 v KF Rilindja 1995
Football,29-Sep 13:00,UEFA U17 Championship Qualifiers,Gibraltar U17 v Bosnia and Herzegovina U17
Football,29-Sep 13:00,UEFA U17 Championship Qualifiers,Greece U17 v Iceland U17
Football,29-Sep 13:00,England Central League,Preston North End Reserves v Wrexham Reserves
Football,29-Sep 13:00,England Central League,Preston North End Reserves v Wrexham Reserves
Football,29-Sep 13:00,England Central League,Derby County Reserves v Rotherham Rerserves
Football,29-Sep 13:00,England U21 Professional Development League,Hull City U21 v Bolton U21
Football,29-Sep 13:00,African Cup of Nations Qualifying,Comoros v Namibia
Football,29-Sep 13:00,England U21 Professional Development League,Wigan Athletic U21 v Huddersfield U21
Football,29-Sep 13:00,England U21 Professional Development League,Coventry U21 v Colchester U21
Football,29-Sep 13:00,England U21 Professional Development League,Peterborough FC U21 v Fleetwood Town U21
Football,29-Sep 13:00,England U21 Professional Development League,Charlton Athletic U21 v Millwall U21
Football,29-Sep 13:30,FIFA Asean Cup,Thailand v Vietnam
Football,29-Sep 13:30,International Friendly U19,Bulgaria U19 v Romania U19
Football,29-Sep 14:00,African Cup of Nations Qualifying,Burundi v Algeria
Football,29-Sep 14:00,African Cup of Nations Qualifying,Ethiopia v Senegal
Football,29-Sep 14:00,African Cup of Nations Qualifying,Lesotho v Morocco
Football,29-Sep 14:00,African Cup of Nations Qualifying,Mozambique v Sudan
Football,29-Sep 14:00,African Cup of Nations Qualifying,South Sudan v Egypt
Football,29-Sep 14:00,Club Friendly,Jagiellonia Bialystok v FK Suduva
Football,29-Sep 14:30,Slovakia Cup,FK Inter Bratislava v Podbrezova
Football,29-Sep 15:00,African Cup of Nations Qualifying,Madagascar v Tanzania
Football,29-Sep 15:00,Euro U21 Championship Qualifiers,Slovenia U21 v Israel U21
Football,29-Sep 15:30,Netherlands Eredivisie,Excelsior v Sparta Rotterdam
Football,29-Sep 15:30,International Friendly U19,Serbia U19 v Hungary U19
Football,29-Sep 15:35,President's Cup,Fujairah Sport Club v Al Jazira Hamra
Football,29-Sep 15:40,President's Cup,Palm City v Dubba Al Husun
Football,29-Sep 16:00,Euro U21 Championship Qualifiers,Iceland U21 v Switzerland U21
Football,29-Sep 16:00,QSL Cup,Al Khor (QAT) v Umm Salal SC (QAT)
Football,29-Sep 16:30,International Friendly U20,Germany U20 v Italy U20
Football,29-Sep 17:00,UEFA Nations League,Finland v Belarus
Football,29-Sep 17:00,International Friendly,Russia v Iran
Football,29-Sep 17:00,African Cup of Nations Qualifying,Uganda v Libya
Football,29-Sep 17:00,UEFA Nations League,Moldova v Faroe Islands
Football,29-Sep 17:00,Euro U21 Championship Qualifiers,Estonia U21 v France U21
Football,29-Sep 17:00,Euro U21 Championship Qualifiers,Estonia U21 v France U21
Football,29-Sep 17:00,Denmark Elitedivisionen Women,Odense Q Women v AGF Women
Football,29-Sep 17:00,Euro U21 Championship Qualifiers,Norway U21 v Bosnia and Herzegovina U21
Football,29-Sep 17:00,African Cup of Nations Qualifying,Cape Verde v Rwanda
Football,29-Sep 17:00,Serbia Prva Liga,Vozdovac v FK Napredak
Football,29-Sep 17:00,African Cup of Nations Qualifying,Ghana v Gambia
Football,29-Sep 17:00,International Friendly U20,Poland U20 v Czech Republic U20
Football,29-Sep 17:00,African Cup of Nations Qualifying,Guinea-Bissau v Nigeria
Football,29-Sep 17:00,African Cup of Nations Qualifying,Zambia v Togo
Football,29-Sep 17:45,Netherlands Eredivisie,AZ Alkmaar v Go Ahead Eagles
Football,29-Sep 18:00,Germany Regionalliga Bavaria,SpVgg Unterhaching v Buchbach
Football,29-Sep 18:00,Spain Copa de la Reina,SD Huesca Women v Club Atletico Osasuna Women
Football,29-Sep 18:00,Sweden Allsvenskan U21 West,Norrby IF U21 v Ljungskile U21
Football,29-Sep 18:00,SFV Cup,SV Kuchl v SV Wals-Grunau
Football,29-Sep 18:00,African Cup of Nations Qualifying,Benin v Mauritania
Football,29-Sep 18:15,QSL Cup,Al Wa'ab SC v Lusail Club
Football,29-Sep 18:30,Gulf Cup,Oman v Kuwait
Football,29-Sep 18:30,Gulf Cup,Saudi Arabia v Iraq
Football,29-Sep 18:45,Israel Liga Bet,Bnei Yehud v Hakoah Ramat Gan
Football,29-Sep 19:00,England National League,Boreham Wood v Kidderminster Harriers
Football,29-Sep 19:00,Euro U21 Championship Qualifiers,Republic of Ireland U21 v Kazakhstan U21
Football,29-Sep 19:00,Argentina Reserve League,Banfield Reserves v Atletico Tucuman Reserves
Football,29-Sep 19:00,Euro U21 Championship Qualifiers,Belgium U21 v Wales U21
Football,29-Sep 19:00,Argentina Reserve League,Atletico Rafaela Reserves v Ferro Carril Oeste Reserves
Football,29-Sep 19:00,Brazil Paulista U20,CA Juventus Sao Paulo U20 v Gremio Prudente U20
Football,29-Sep 19:00,Argentina Reserve League,Estudiantes Reserves v Defensa y Justicia Reserves
Football,29-Sep 19:00,Argentina Reserve League,San Lorenzo Reserves v Aldosivi Reserves
Football,29-Sep 19:00,Argentina Reserve League,Tigre Reserves v Gimnasia La Plata Reserves
Football,29-Sep 19:00,Argentina Primera C,Muniz v Club El Porvenir
Football,29-Sep 19:15,Norway Division 3-1,Union Carl Berner v KFUM Oslo II
Football,29-Sep 19:30,England Southern Premier South,Wimborne Town FC v Yate Town
Football,29-Sep 19:30,England Southern Premier South,Wimborne Town FC v Yate Town
Football,29-Sep 19:45,UEFA Nations League,San Marino v Albania
Football,29-Sep 19:45,England FA Cup,Woodford Town v Mulbarton Wanderers
Football,29-Sep 19:45,UEFA Nations League,Bulgaria v Estonia
Football,29-Sep 19:45,UEFA Nations League,Scotland v Switzerland
Football,29-Sep 19:45,UEFA Nations League,Czechia v England
Football,29-Sep 19:45,UEFA Nations League,Slovenia v North Macedonia
Football,29-Sep 19:45,UEFA Nations League,Slovakia v Kazakhstan
Football,29-Sep 19:45,UEFA Nations League,Luxembourg v Iceland
Football,29-Sep 19:45,UEFA Nations League,Spain v Croatia
Football,29-Sep 19:45,Wales Premier League,Cardiff Metropolitan University FC v Haverfordwest County AFC
Football,29-Sep 19:45,England National League,Forest Green Rovers v Wealdstone
Football,29-Sep 19:45,England National League,Barrow v Scunthorpe United
Football,29-Sep 19:45,England National League,Halifax Town v Boston United FC
Football,29-Sep 19:45,England National League,Hornchurch v Aldershot Town
Football,29-Sep 19:45,England National League,AFC Fylde v Carlisle
Football,29-Sep 19:45,Scotland Challenge Cup,Forfar Athletic v Formartine United
Football,29-Sep 19:45,England National League,Gateshead v Altrincham
Football,29-Sep 19:45,England National League South,Slough Town v Ebbsfleet United
Football,29-Sep 19:45,England National League,Hartlepool United v Harrogate Town
Football,29-Sep 19:45,England Isthmian League Premier Division,Dartford v Whitehawk
Football,29-Sep 19:45,England National League,Woking v Solihull
Football,29-Sep 19:45,England Isthmian League Premier Division,Dulwich Hamlet v Aveley
Football,29-Sep 19:45,England National League,Yeovil Town v Worthing
Football,29-Sep 19:45,England Northern Premier League,Alfreton Town v Guiseley AFC
Football,29-Sep 19:45,England National League North,Brackley Town v South Shields
Football,29-Sep 19:45,England Northern Premier League,Ilkeston v Warrington Rylands
Football,29-Sep 19:45,England Isthmian League Premier Division,Maldon & Tiptree v Cray Wanderers
Football,29-Sep 19:45,England Northern Premier League,Whitby v Lancaster City
Football,29-Sep 19:45,England Northern Premier League,Emley v Workington
Football,29-Sep 19:45,England Northern Premier League,Warrington Town v Gainsborough
Football,29-Sep 19:45,England Northern Premier League,Warrington Town v Gainsborough
Football,29-Sep 19:45,England Southern Premier Central,Banbury United v Stratford Town
Football,29-Sep 19:45,England Southern Premier Central,Alvechurch FC v Stourbridge
Football,29-Sep 19:45,England Southern Premier Central,Bishops Stortford v Bury Town
Football,29-Sep 19:45,England Southern Premier Central,Peterborough Sports FC v Redditch United
Football,29-Sep 19:45,England Southern Premier Central,Bromsgrove Sporting v Leamington FC
Football,29-Sep 19:45,England Southern Premier Central,Halesowen Town FC v Rushall Olympic
Football,29-Sep 19:45,England Southern Premier Central,Needham Market v Stamford
Football,29-Sep 19:45,England Southern Premier Central,RC Warwick v Worcester
Football,29-Sep 19:45,England Southern Premier Central,Hitchin Town FC v Leighton Town
Football,29-Sep 19:45,England Southern Premier Central,Real Bedford v Leiston
Football,29-Sep 19:45,England Southern Premier Central,Kettering v Anstey Nomads
Football,29-Sep 19:45,England Southern Premier South,Bath City v Malvern Town
Football,29-Sep 19:45,England Southern Premier South,Evesham United v Chippenham
Football,29-Sep 19:45,England Southern Premier South,Havant & Waterlooville v Hanwell Town
Football,29-Sep 19:45,England Southern Premier South,Chertsey Town v Poole Town
Football,29-Sep 19:45,England Southern Premier South,Gloucester City AFC v Plymouth Parkway
Football,29-Sep 19:45,England Southern Premier South,Hanworth Villa v Chichester
Football,29-Sep 19:45,England Southern Premier South,Uxbridge v Basingstoke
Football,29-Sep 19:45,England Southern Premier South,Sholing v Berkhamsted
Football,29-Sep 19:45,England Northern Premier League Division One East,Dunston FC v Guisborough
Football,29-Sep 19:45,England Northern Premier League Division One Midlands,Loughborough Univ v Basford United FC
Football,29-Sep 19:45,England Northern Premier League Division One East,Liversedge v North Ferriby United
Football,29-Sep 19:45,England Isthmian League Division One North,Brightlingsea Regent FC v AFC Sudbury
Football,29-Sep 19:45,England Northern Premier League Division One West,Bootle FC v Nantwich Town FC
Football,29-Sep 19:45,England Isthmian League Division One South Central,Windsor & Eton FC v AFC Stoneham
Football,29-Sep 19:45,England Northern Premier League Division One East,West Auckland Town v Ashington
Football,29-Sep 19:45,England Northern Premier League Division One Midlands,Bedworth United v Grantham Town
Football,29-Sep 19:45,England Northern Premier League Division One West,Kidsgrove Ath v Lichfield City FC
Football,29-Sep 19:45,England Northern Premier League Division One East,Garforth Town AFC v Stocksbridge Park
Football,29-Sep 19:45,England Isthmian League Division One South Central,Hendon v Ashford Town
Football,29-Sep 19:45,England Isthmian League Division One South Central,Hendon v Ashford Town
Football,29-Sep 19:45,England Northern Premier League Division One East,Matlock Town FC v Bradford Park Avenue
Football,29-Sep 19:45,England Southern Football League Division One Central,Thame United v Beaconsfield Town
Football,29-Sep 19:45,England Isthmian League Division One North,Fakenham Town FC v Felixstowe & Walton United FC
Football,29-Sep 19:45,England Isthmian League Division One North,Canvey Island v Newmarket Town
Football,29-Sep 19:45,England Southern Football League Division One Central,Leverstock Green v Ware FC
Football,29-Sep 19:45,England Northern Premier League Division One Midlands,Sutton Coldfield Town v Mickleover Sports
Football,29-Sep 19:45,England Northern Premier League Division One West,Atherton Collieries AFC v Vauxhall Motors
Football,29-Sep 19:45,England Northern Premier League Division One East,Beverley Town v Lincoln United
Football,29-Sep 19:45,England Northern Premier League Division One West,Wythenshawe FC v Padiham FC
Football,29-Sep 20:00,Netherlands Eredivisie,PEC Zwolle v NEC Nijmegen
Football,29-Sep 20:00,African Cup of Nations Qualifying,Somalia v Ivory Coast
Football,29-Sep 20:00,Division Reserva U21,Sportivo San Lorenzo U21 v Deportivo Recoleta U21
Football,29-Sep 20:00,CONCACAF Nations League,British Virgin Islands v Turks and Caicos Islands
Football,29-Sep 20:00,African Cup of Nations Qualifying,Congo v Cameroon
Football,29-Sep 20:00,Bolivia Cup,Universitario (Vinto) v Guabira
Football,29-Sep 20:00,African Cup of Nations Qualifying,Gabon v Niger
Football,29-Sep 20:00,African Cup of Nations Qualifying,Liberia v Mali
Football,29-Sep 20:15,Portugal Liga Revelacao U23,Rio Ave FC U23 v Penafiel U23
Football,29-Sep 21:00,CONCACAF Nations League,US Virgin Islands v Bahamas
Football,29-Sep 21:30,Colombia Primera A,Deportivo Pereira v Santa Fe
Football,29-Sep 22:00,El Salvador Primera Division,Atletico Balboa v CD Cacahuatique
Football,29-Sep 22:00,CONCACAF Nations League,French Guiana v Sint Maarten
Football,29-Sep 22:00,Copa Chile,Puerto Montt v Colo Colo
Football,29-Sep 23:00,Bolivia Cup,Real Potosi v ABB
Football,29-Sep 23:00,Argentina Torneo Regional Federal Amateur,CS Baradero v Mitre San Pedro
Football,29-Sep 23:30,Brazil Serie B,Botafogo FC Ribeirao Preto v Ponte Preta
Football,30-Sep 00:00,Uruguay Segunda Division Amateur,Sportivo Bella Italia v Bella Vista
Football,30-Sep 00:00,CONCACAF Nations League,Anguilla v Aruba
Football,30-Sep 00:00,Club Friendly,D.C. United v SC Paderborn 07
Football,30-Sep 00:00,Colombia Primera B,Union Magdalena v Real Cartagena
Football,30-Sep 00:00,Colombia Primera B,Union Magdalena v Real Cartagena
Football,30-Sep 01:00,International Friendly,USA v Chile
Football,30-Sep 01:00,Bolivia Cup,Aurora v San Antonio Bulo Bulo
Football,30-Sep 02:00,International Friendly,Mexico v Peru
Football,30-Sep 02:05,Colombia Primera A,Independiente Medellin v CD Los Millonarios
Football,30-Sep 03:00,CONCACAF Nations League,Belize v St Vincent/Grenadines
Football,30-Sep 06:00,Mongolia Premier League,Ulaangom City FC v Hunters
Football,30-Sep 07:00,Asian Games,Korea Republic U23 v China U23
Football,30-Sep 09:00,Mongolia Premier League,Khovd v FC Ulaanbaatar
Football,30-Sep 10:00,FIFA Asean Cup,Timor Leste v Cambodia
Football,30-Sep 10:00,Thai League U21,Rayong FC U21 v Nong Bua Pitchaya FC U21
Football,30-Sep 11:15,Netherlands Eredivisie,FC Utrecht v PSV Eindhoven
Football,30-Sep 11:30,Asian Games,Uzbekistan U23 v Japan U23
Football,30-Sep 12:00,HKPL U22 League,Hong Kong U22 v Hong Kong Rangers FC U22
Football,30-Sep 12:30,Israel Liga Alef North,Hapoel Tirat Karmel v Tzeirei Umm Al Fahm
Football,30-Sep 13:00,FIFA Asean Cup,Brunei v Hong Kong
Football,30-Sep 13:00,International Friendly U19,Denmark U19 v Austria U19
Football,30-Sep 13:00,Sweden Allsvenskan U21 West,Varbergs BoIS FC U21 v IFK Goteborg U21
Football,30-Sep 13:00,Israel Liga Alef North,Hapoel Ihoud Bnei Jat v Maccabi Nujeidat
Football,30-Sep 13:00,Israel Liga Alef North,Maccabi Neve Sha'anan Eldad FC v MS Tira
Football,30-Sep 13:00,Israel Liga Alef North,Hapoel Beit She'an v Hapoel Baka El Garbiya
Football,30-Sep 13:00,Israel Liga Alef South,Hapoel Sderot v Hapoel Azor
Football,30-Sep 13:30,Netherlands Eredivisie,Feyenoord v ADO Den Haag
Football,30-Sep 13:30,Israel Liga Alef North,Hapoel Ironi Arraba v Hapoel Migdal Haemeq
Football,30-Sep 13:30,Netherlands Eredivisie,Willem II v Heerenveen
Football,30-Sep 13:30,HKPL U22 League,Eastern Football Team U22 v Lee Man FC U22
Football,30-Sep 13:30,Israel Liga Alef South,Shimshon Tel Aviv v Hapoel Nir Ramat HaSharon
Football,30-Sep 14:00,Brazil Carioca U20,Madureira U20 v CR Vasco da Gama U20
Football,30-Sep 14:00,Montenegro Division 2,FK Iskra v Grbalj Radanovici
Football,30-Sep 14:00,Sweden Allsvenskan U21 South,Landskrona U21 v Falkenbergs FF U21
Football,30-Sep 14:00,Montenegro Division 2,FK Podgorica v Jedinstvo Bijelo Polje
Football,30-Sep 14:00,Montenegro Division 2,FK Podgorica v Jedinstvo Bijelo Polje
Football,30-Sep 14:00,Montenegro Division 2,Rudar Pljevlja v Berane
Football,30-Sep 14:00,Montenegro Division 2,FK Budva v FK Lovcen
Football,30-Sep 14:00,Israel Liga Alef South,Maccabi Ironi Kiryat Malakhi v Hapoel Herzliya
Football,30-Sep 14:30,Sweden Allsvenskan U21 North,Djurgardens IF U21 v Sirius U21
Football,30-Sep 14:30,CAF Africa Cup of Nations U20 - Qualification,Morocco U20 v Algeria U20
Football,30-Sep 14:30,Czech Republic FA Cup,Vsetin v Bohemians 1905
Football,30-Sep 15:00,COOP-ligaen,Arna-Bjornar Women v Frigg Oslo FK Women
Football,30-Sep 15:00,UEFA Women's Europa Cup,FK Aktobe Women v Ajax Women
Football,30-Sep 15:00,COOP-ligaen,Bryne Women v Kolbotn IL Women
Football,30-Sep 15:00,UEFA Women's Europa Cup,Farul Constanta Women v AC Sparta Praha Women
Football,30-Sep 15:00,Norway Cup,Follo v Sarpsborg 08 FF
Football,30-Sep 15:30,Israel Liga Alef North,Hapoel Bnei Musmus v Maccabi Kiryat Ata Bialik
Football,30-Sep 15:30,Sweden Allsvenskan U21 West,IK Oddevold U21 v Hacken U21
Football,30-Sep 15:30,Israel Liga Alef North,Ironi Nesher v Beitar Nahariya
Football,30-Sep 15:45,Netherlands Eredivisie,Telstar v Ajax
Football,30-Sep 16:00,Montenegro Division 2,Zeta v FK KOM
Football,30-Sep 16:00,Nigeria Premier League,Sporting Lagos v Ikorodu City
Football,30-Sep 16:00,Nigeria Premier League,Enyimba v Shooting Stars SC
Football,30-Sep 16:00,Ghana Premier League,Medeama SC v Port City
Football,30-Sep 16:00,Nigeria Premier League,Warri Wolves v Enugo Rangers
Football,30-Sep 16:00,Nigeria Premier League,Katsina United v Rivers United
Football,30-Sep 16:30,Spain Copa de la Reina,RC Celta de Vigo Women v Oviedo Women
Football,30-Sep 17:00,Norway Cup,Honefoss BK v KFUM Oslo
Football,30-Sep 17:00,Norway Cup,Flint v Sandefjord
Football,30-Sep 17:00,UEFA Women's Europa Cup,Spartak Myjava Women v PAOK Thessaloniki FC Women
Football,30-Sep 17:00,UEFA Women's Europa Cup,Valerenga IF Women v Feyenoord Women
Football,30-Sep 17:00,International Friendly,Lithuania v Andorra
Football,30-Sep 17:00,UEFA Women's Europa Cup,Fortuna Hjorring Women v PSV/FC Eindhoven Women
Football,30-Sep 17:00,UEFA Women's Europa Cup,Rosenborg BK Women v Slovan Liberec Women
Football,30-Sep 17:00,Spain Copa de la Reina,Levante UD Women v Alhama Women
Football,30-Sep 17:00,Spain Copa de la Reina,Levante UD Women v Alhama Women
Football,30-Sep 17:00,UEFA Women's Europa Cup,Brann Women v HJK Helsinki Women
Football,30-Sep 17:00,Euro U21 Championship Qualifiers,Malta U21 v Germany U21
Football,30-Sep 17:00,Euro U21 Championship Qualifiers,Czech Republic U21 v Bulgaria U21
Football,30-Sep 17:00,Club Friendly,SC Kalsdorf v Grazer AK
Football,30-Sep 17:00,Euro U21 Championship Qualifiers,Faroe Islands U21 v Luxembourg U21
Football,30-Sep 17:00,Israel Liga Bet,Sektzia Nes Tziona v MS Ramla
Football,30-Sep 17:00,Euro U21 Championship Qualifiers,Romania U21 v Finland U21
Football,30-Sep 17:00,African Cup of Nations Qualifying,Eritrea v South Africa
Football,30-Sep 17:00,Euro U21 Championship Qualifiers,Poland U21 v Sweden U21
Football,30-Sep 17:30,International Friendly U19,Portugal U19 v Netherlands U19
Football,30-Sep 17:30,Slovenia 3. SNL East,NK Dobrovce v NK Hajdina
Football,30-Sep 17:30,UEFA Women's Europa Cup,SK Sturm Graz Women v VfL Wolfsburg Women
Football,30-Sep 17:30,UEFA Women's Europa Cup,1. FFC Frankfurt Women v FH Hafnarfjordur Women
Football,30-Sep 17:45,UEFA Women's Champions League,Paris FC Women v Arsenal W.F.C
Football,30-Sep 17:45,UEFA Women's Champions League,Roma Women v FC Barcelona Women
Football,30-Sep 17:45,UEFA Women's Champions League,BK Häcken Women v Juventus Women
Football,30-Sep 17:50,Israel Liga Alef South,Agudat Sport Nordia Jerusalem FC v Hapoel Hadera
Football,30-Sep 17:55,Israel Liga Alef North,Hapoel Nof Hagalil v Tzeirei Tamra
Football,30-Sep 18:00,UEFA Women's Europa Cup,Fenerbahce Women v FK Minsk Women
Football,30-Sep 18:00,UEFA Women's Europa Cup,Real Sociedad Women v Hearts Women
Football,30-Sep 18:00,CAF Africa Cup of Nations U20 - Qualification,Egypt U20 v Tunisia U20
Football,30-Sep 18:00,UEFA Women's Europa Cup,Malmo FF Women v SKN St Polten Women
Football,30-Sep 18:00,Sweden Division 2 - Norrland,Umea FC Akademi v IFK Umea
Football,30-Sep 18:00,UEFA Women's Europa Cup,KKS Czarni Sosnowiec Women v Breidablik Women
Football,30-Sep 18:00,Israel Liga Alef South,Maccabi Ashdod v MS Hulon Yaniv
Football,30-Sep 18:00,Israel Liga Alef South,Hapoel Mahane Yehuda v MS Dimona
Football,30-Sep 18:00,Euro U21 Championship Qualifiers,Kosovo U21 v Cyprus U21
Football,30-Sep 18:30,Germany Regionalliga West,SC Wiedenbruck 2000 v Sportfreunde Siegen
Football,30-Sep 18:30,Spain Copa de la Reina,CE Europa Women v Villarreal Women
Football,30-Sep 18:30,Spain Copa Federacion (RFEF),Sestao River Club v Terrassa Olimpica 2010
Football,30-Sep 18:30,Spain Copa Federacion (RFEF),Sestao River Club v Terrassa Olimpica 2010
Football,30-Sep 18:30,Gulf Cup,Bahrain v Yemen
Football,30-Sep 18:30,Gulf Cup,United Arab Emirates v Qatar
Football,30-Sep 19:00,England Women WSL Cup,Crystal Palace Women v Charlton Athletic WFC
Football,30-Sep 19:00,Netherlands Eredivisie,Cambuur Leeuwaarden v FC Twente Enschede
Football,30-Sep 19:00,England Women WSL Cup,West Ham United F.C Women v Southampton Women
Football,30-Sep 19:00,England Women WSL Cup,Durham Women v Manchester United W.F.C
Football,30-Sep 19:00,UEFA Women's Europa Cup,Rangers Women v Hammarby Women
Football,30-Sep 19:00,Belgian National Division 1 - VV,Houtvenne v Mandel United
Football,30-Sep 19:00,Argentina Reserve League,Independiente Rivadavia Reserves v Belgrano Reserves
Football,30-Sep 19:00,Second Amateur Division,Sint-Truidense VV II v KFC NIJLEN
Football,30-Sep 19:00,Argentina Reserve League,Quilmes Reserves v Estudiantes de Rio Cuarto Reserves
Football,30-Sep 19:00,Argentina Reserve League,Platense Reserves v Huracan Reserves
Football,30-Sep 19:00,Belgium Second Amateur Division - ACFF,RFC Huy v Crossing Schaerbeek
Football,30-Sep 19:00,Copa Santa Catarina U20,Brusque FC U20 v Camboriu Futebol Clube U20
Football,30-Sep 19:00,Campeonato Mineiro (women),Itabirito Futebol Clube Women v America FC Belo Horizonte Women
Football,30-Sep 19:00,Brazil Gaucho 3 Division,EC Novo Horizonte v 1992 Clube
Football,30-Sep 19:00,Second Amateur Division,KVK Wellen v Racing Mechelen
Football,30-Sep 19:00,Israel Liga Alef South,Tzeirei Tira v FC Jerusalem
Football,30-Sep 19:00,Pernambucano U20,America FC Recife U20 v Serrano Fc Pe U20
Football,30-Sep 19:00,Switzerland Promotion League,FC Kreuzlingen v Bruhl
Football,30-Sep 19:00,Brazil Gaucho 3 Division,Real SC v Gremio Atletico Farroupilha
Football,30-Sep 19:00,Belgian National Division 1 - VV,SK Roeselare v KVV Thes Sport
Football,30-Sep 19:00,England Women WSL Cup,Birmingham City W.F.C v Liverpool F.C Women
Football,30-Sep 19:00,Belgian National Division 1 - VV,Merelbeke v Dessel Sport
Football,30-Sep 19:00,Belgian National Division 1 - FFA,Daring Brussels v Union Rochefortoise
Football,30-Sep 19:00,Belgian National Division 1 - FFA,Royal Charleroi SC II v Habay La Neuve
Football,30-Sep 19:00,Belgian National Division 1 - VV,Belisia Bilzen SV v KSK Heist
Football,30-Sep 19:00,Argentina Reserve League,Rosario Central Reserves v Union Santa Fe Reserves
Football,30-Sep 19:00,Belgian National Division 1 - FFA,Flenu v Charleroi-Marchienne
Football,30-Sep 19:00,Belgian National Division 1 - VV,KVV Zelzate v Knokke
Football,30-Sep 19:00,Belgian National Division 1 - VV,KVV Zelzate v Knokke
Football,30-Sep 19:00,Argentina Reserve League,Instituto Reserves v Racing Club Reserves
Football,30-Sep 19:00,Argentina Campeonato Femenino,River Plate Women v CA Boca Juniors BA Women
Football,30-Sep 19:15,Switzerland 1. Liga Classic,FC Wohlen v FC Schutz
Football,30-Sep 19:30,England Women WSL Cup,Ipswich Women v London City Women
Football,30-Sep 19:30,North of Scotland Cup,Lossiemouth v Forres Mechanics
Football,30-Sep 19:30,Belgian National Division 1 - VV,SWI Harelbeke v VV Hoogstraten
Football,30-Sep 19:30,Copa Uruguay,CA Lito v Durazno FC
Football,30-Sep 19:30,Andalucia Play Offs,CD Rayo Sanluqueno v Castilleja CF
Football,30-Sep 19:30,Euro U21 Championship Qualifiers,Scotland U21 v Azerbaijan U21
Football,30-Sep 19:30,England Women WSL Cup,Aston Villa W.F.C. v Newcastle United WFC Women
Football,30-Sep 19:45,UEFA Women's Europa Cup,Sporting CP Women v Brondby Women
Football,30-Sep 19:45,England Isthmian League Division One North,Grays Athletic v Takeley
Football,30-Sep 19:45,England Northern Premier League Division One Midlands,Coventry United v AFC Rushden & Diamonds
Football,30-Sep 19:45,England Northern Premier League Division One Midlands,Rugby v Bourne Town
Football,30-Sep 19:45,England Southern Football League Division One Central,Aylesbury United v Waltham Abbey
Football,30-Sep 19:45,England Southern League Division One South,Exmouth Town v Weymouth FC
Football,30-Sep 19:45,England Northern Premier League Division One East,Grimsby Borough v Hallam
Football,30-Sep 19:45,England Southern Football League Division One Central,London Lions v Biggleswade Town
Football,30-Sep 19:45,England Southern League Division One South,Slimbridge AFC v Larkhall Athletic
Football,30-Sep 19:45,England Northern Premier League Division One Midlands,Corby Town v Carlton Town
Football,30-Sep 19:45,England Northern Premier League Division One West,Lower Breck v Prescot Cables FC
Football,30-Sep 19:45,North of Scotland Cup,Clachnacuddin v Brora Rangers
Football,30-Sep 19:45,England Southern Premier South,Gosport Borough v Bracknell Town FC
Football,30-Sep 19:45,England National League,Tamworth v Sutton United
Football,30-Sep 19:45,England National League,Eastleigh v Southend
Football,30-Sep 19:45,England Women WSL Cup,Brighton & Hove Albion W.F.C v Tottenham Hotspur F.C. Women
Football,30-Sep 19:45,England Isthmian League Premier Division,AFC Whyteleafe v Brentwood Town
Football,30-Sep 19:45,England Southern Premier South,Frome v Taunton Town
Football,30-Sep 20:00,UEFA Women's Europa Cup,Torreense Women v Metalist 1925 Kharkiv Women
Football,30-Sep 20:00,Euro U21 Championship Qualifiers,Portugal Youth v Gibraltar U21
Football,30-Sep 20:00,Euro U21 Championship Qualifiers,Portugal Youth v Gibraltar U21
Football,30-Sep 20:00,Spain Copa de la Reina,CD Samper Women v Getafe Women
Football,30-Sep 20:00,Bolivia Cup,Real Oruro v Club Always Ready
Football,30-Sep 20:00,Copa Uruguay,Cerro Largo v Rentistas
Football,30-Sep 20:00,Andalucia Play Offs,CD Montalbeno v Montilla CF
Football,30-Sep 20:00,UEFA Women's Champions League,Olympique Lyon Women v Chelsea F.C Women
Football,30-Sep 20:00,UEFA Women's Champions League,SL Benfica Women v Bayern Munich Women
Football,30-Sep 20:00,Copa Uruguay,Defensor Sporting v Plaza Colonia
Football,30-Sep 20:30,Venezuela Segunda Division,El Vigia v Zamora II
Football,30-Sep 20:30,Venezuela Segunda Division,Atletico Barinas v Barquisimeto
Football,30-Sep 21:00,Copa Paraguay,Independiente FBC (Campo Grande) v Nacional (Par)
Football,30-Sep 21:00,Venezuela Segunda Division,Yaracuyanos v Puerto Cabello II
Football,30-Sep 21:00,Peru Primera Division,Cienciano v Los Chankas
Football,30-Sep 22:00,USA USL League One,Greenville Triumph SC v South Georgia Tormenta
Football,30-Sep 22:00,Guatemala Primera Division,Aff Guatemala v Deportivo Fraijanes
Football,30-Sep 22:00,El Salvador Primera Division,CD Aguila v Santa Tecla FC
Football,30-Sep 22:00,Chile Primera B,Union San Felipe v San Luis de Quillota
Football,30-Sep 23:00,Argentina Reserve League,Central Cordoba Reserves v Newells Reserves
Football,30-Sep 23:30,Copa Paraguay,Cerro Porteno v Club Rubio Nu
Football,30-Sep 23:30,Brazil Paraibano 2,Cruzeiro PB v Femar FC
Football,30-Sep 23:30,Brazil Paraibano 2,Auto Esporte v Picuiense
Football,30-Sep 23:30,Brazil Paraibano 2,Santa Rita PB v Sao Paulo Crystal FC
Football,30-Sep 23:30,Brazil Gaucho 3 Division,SER Cruz Alta v Sport Club Rio Grande
Football,30-Sep 23:30,Bolivia Cup,Real Tomayapo v Nacional Potosi
Football,01-Oct 00:00,Canada Premier League,Atletico Ottawa v Cavalry FC
Football,01-Oct 00:00,Venezuela Segunda Division,Deportivo Lara v Frontera
Football,01-Oct 00:00,USL Championship,Brooklyn FC v Detroit City FC
Football,01-Oct 00:00,Copa Chile,Club de Deportes Concepcion v CD O'Higgins
Football,01-Oct 00:00,USL Championship,Miami FC v Sporting JAX
Football,01-Oct 00:00,Uruguay Primera Division,CA Torque v Penarol
Football,01-Oct 00:30,US Major League Soccer,New York Red Bulls v St. Louis City SC
Football,01-Oct 00:30,US Major League Soccer,New York Red Bulls v St. Louis City SC
Football,01-Oct 00:30,USL Championship,Rhode Island FC v Indy Eleven
Football,01-Oct 00:31,US Major League Soccer,New York Red Bulls v St. Louis City SC
Football,01-Oct 01:00,International Friendly,Argentina v Bolivia
Football,01-Oct 01:00,Argentina Torneo Regional Federal Amateur,Club Los Andes (Alcorta) v Club Studebaker
Football,01-Oct 01:00,USL Championship,Tulsa Roughnecks FC v New Mexico United
Football,01-Oct 01:30,Bolivia Cup,Oriente Petrolero v The Strongest
Football,01-Oct 02:00,El Salvador Primera Division,Alianza FC (El Salvador) v Platense Municipal
Football,01-Oct 02:00,Club Friendly,Alianza Lima v Palestino
Football,01-Oct 02:00,Guatemala Primera Division,Nueva Santa Rosa Cdf v Mictlan
Football,01-Oct 02:00,Colombia Primera A,Atletico Nacional v CD Junior Barranquilla
Football,01-Oct 03:00,El Salvador Primera Division,CD FAS v AD Isidro Metapan
Football,01-Oct 03:00,USL Championship,Sacramento Republic FC v Las Vegas Lights
Football,01-Oct 06:00,Mongolia Premier League,Khovd Vestern v Deren FC
Football,01-Oct 07:10,International Friendly,Panama v New Zealand
Football,01-Oct 09:00,Mongolia Premier League,Erchim FC v Tuv Azarganuud
Football,01-Oct 09:00,Hong Kong League Cup,Northern District v Southern District RSA
Football,01-Oct 10:00,Thai League U21,Suphanburi FC U21 v BG Pathum United FC U21
Football,01-Oct 10:30,International Friendly U19,Slovakia U19 v Switzerland U19
Football,01-Oct 10:30,International Friendly U19,Poland U19 v Kazakhstan U19
Football,01-Oct 11:00,UEFA Women's U17 Championship Qualifying,Kosovo U17 Women v Azerbaijan Women U17
Football,01-Oct 11:00,Club Friendly,NK Olimpija Ljubljana v Slaven Koprivnica
Football,01-Oct 11:10,International Friendly,Japan v Ecuador
Football,01-Oct 12:00,Hong Kong League Cup,Shatin v Hong Kong FC
Football,01-Oct 13:00,Sweden Allsvenskan U21 West,GAIS U21 v Orgryte U21
Football,01-Oct 13:00,Germany Regionalliga Nord,Hamburg II v Werder Bremen Am
Football,01-Oct 13:00,Club Friendly,Jahn Regensburg v WSG Tirol
Football,01-Oct 13:00,Israel Liga Bet,FC Kababir v FC Tzofi Haifa
Football,01-Oct 13:30,FIFA Asean Cup,Indonesia v Bangladesh
Football,01-Oct 13:30,FIFA Asean Cup,Malaysia v Singapore
Football,01-Oct 13:30,Egypt Second Division,Pharco FC v Tersana
Football,01-Oct 13:30,Egypt Second Division,Pharco FC v Tersana
Football,01-Oct 13:30,Egypt Second Division,La Viena v Al Nasr (EGY)
Football,01-Oct 13:30,Egypt Second Division,El Mansoura v Masar
Football,01-Oct 13:30,Egypt Second Division,El Sekka El Hadid SC v El Entag El Harby
Football,01-Oct 13:30,Egypt Second Division,Dayrout v Ismaily
Football,01-Oct 13:30,Israel Liga Bet,Hapoel Ihud Bnei Samiya v Hapoel Bnei Jdaidie Makr
Football,01-Oct 14:00,Israel Liga Bet,Maccabi Bnei Jadida v Hapoel Yarka
Football,01-Oct 14:00,UEFA Women's U17 Championship Qualifying,Ireland Republic Women U17 v Albania Women U17
Football,01-Oct 14:00,Club Friendly,Juve Stabia v USD Palmese 1914
Football,01-Oct 14:15,UAE Emirates Cup,Dubai United v Hatta Dubai
Football,01-Oct 14:15,UAE Emirates Cup,Sharjah FC v Al Dhafra
Football,01-Oct 14:15,Oman First Division League,Nizwa Club v Badiya Club
Football,01-Oct 15:00,International Friendly U19,Slovenia U19 v Faroe Islands U19
Football,01-Oct 15:00,International Friendly,Uzbekistan v Syria
Football,01-Oct 15:00,Club Friendly,Wolfsburg v TSV Havelse
Football,01-Oct 15:00,4. Liga - Slaska I,Przemsza Siewierz v KS Rozwoj Katowice
Football,01-Oct 15:00,International Friendly,Maldives v Lebanon
Football,01-Oct 16:00,Ghana Premier League,Asante Kotoko v Karela
Football,01-Oct 16:00,Euro U21 Championship Qualifiers,Greece U21 v Latvia U21
Football,01-Oct 16:30,Israel Liga Alef South,Maccabi Yavne v Ironi Beit Shemesh
Football,01-Oct 16:30,Club Friendly,Stuttgart v Greuther Furth
Football,01-Oct 16:45,UAE Emirates Cup,Bani Yas v Al Wahda (UAE)
Football,01-Oct 17:00,Israel Liga Leumit,Hapoel Afula v Hapoel Rishon Lezion
Football,01-Oct 17:00,Israel Liga Leumit,FC Ashdod v Maccabi Herzliya
Football,01-Oct 17:00,Israel Liga Leumit,Hapoel Ra'anana v Kfar Kasem
Football,01-Oct 17:00,Israel Liga Leumit,Maccabi Bnei Reiyne v Hapoel Kfar Shalem
Football,01-Oct 17:00,Israel Liga Leumit,Bnei Yehuda Tel Aviv v Maccabi Kiryat Gat
Football,01-Oct 17:00,Israel Liga Leumit,Maccabi Kabilio Jaffa v Hapoel Akko
Football,01-Oct 17:00,Norway Cup,Madla v Viking FK
Football,01-Oct 17:00,Israel Liga Leumit,Kiryat Yam v Hapoel Kfar Saba
Football,01-Oct 17:00,African Cup of Nations Qualifying,Guinea v Kenya
Football,01-Oct 17:00,African Cup of Nations Qualifying,Guinea v Kenya
Football,01-Oct 17:00,Israel Liga Leumit,Maccabi Ahi-Nazrat v Ironi Modiin
Football,01-Oct 17:00,International Friendly U20,USA U20 v Brazil U20
Football,01-Oct 17:00,Norway Cup,Rana FK v Bodo Glimt
Football,01-Oct 17:00,International Friendly U23,Morocco (Olympic) v Mali (Olympic)
Football,01-Oct 17:00,Norway Cup,Baerum v Lillestrom SK
Football,01-Oct 17:00,Jordan 1st Division,Al Ramtha SC v Al Sarhan
Football,01-Oct 17:00,Euro U21 Championship Qualifiers,FYR Macedonia U21 v Montenegro U21
Football,01-Oct 17:00,Jordan 1st Division,Al Yarmouk Amman v Amman (Dar Al Dawa)
Football,01-Oct 17:00,Israel Liga Bet,Beitar Kfar Saba Shlomi v Beitar Tel Aviv Ramla
Football,01-Oct 17:00,Israel Liga Bet,Hapoel Givat Olga v Maccabi Ironi Kfar Yona
Football,01-Oct 17:00,UEFA Nations League,Azerbaijan v Liechtenstein
Football,01-Oct 17:30,Euro U21 Championship Qualifiers,Armenia U21 v Italy U21
Football,01-Oct 17:30,Israel Liga Alef North,Hapoel Um El-Phahem v Karmiel Safed
Football,01-Oct 17:30,Israel Liga Alef South,Kfar Saba 1928 v Hapoel Marmorek Ironi Rehovot
Football,01-Oct 17:45,UEFA Women's Champions League,HB Koge Women v Servette Women
Football,01-Oct 17:45,UEFA Women's Champions League,FK Austria Wien Women v FC Internazionale Women
Football,01-Oct 18:00,Israel Liga Bet,Ironi Beit Dagan v Hapoel Hod Hasharon Irony
Football,01-Oct 18:00,Euro U21 Championship Qualifiers,Hungary U21 v Lithuania U21
Football,01-Oct 18:00,Club Friendly,Bissen v Royal FC de Liege
Football,01-Oct 18:15,QSL Cup,Qatar SC v Al Bidda
Football,01-Oct 18:15,QSL Cup,Al Shamal SC v Muaither SC
Football,01-Oct 18:30,Spain Copa Federacion (RFEF),UD Santa Marta v Salamanca CF UDS B
Football,01-Oct 18:30,Austria Landesliga,St Polten (Am) v Zwettl
Football,01-Oct 18:30,Israel Liga Bet,AS Holon v MS Bnei Yaffo Orthodoksim
Football,01-Oct 19:00,Argentina Reserve League,San Martin de San Juan Reserves v Lanus Reserves
Football,01-Oct 19:00,Argentina Reserve League,Barracas Central Reserves v Gimnasia Mendoza Reserves
Football,01-Oct 19:00,Argentina Reserve League,Independiente Reserves v Boca Juniors Reserves
Football,01-Oct 19:00,Club Friendly,Real Betis v Ceuta
Football,01-Oct 19:00,Argentina Reserve League,Colon Reserves v Deportivo Riestra Reserves
Football,01-Oct 19:00,Brazil Paraibano 2,Spartax PB v SC Lagoa Seca PB
Football,01-Oct 19:00,Brazil Paraibano 2,Spartax PB v SC Lagoa Seca PB
Football,01-Oct 19:00,Argentina Reserve League,Velez Reserves v Argentinos Juniors Reserves
Football,01-Oct 19:00,Brazil Carioca Serie B2,SE Belford Roxo v Santa Cruz FC (RJ)
Football,01-Oct 19:00,Brazil Carioca Serie B2,Cardoso Moreira FC v Serra Macaense FC
Football,01-Oct 19:00,Brazil Carioca Serie B2,Sociedade Esportiva de Buzios v Sociedade Esportiva Paraty
Football,01-Oct 19:00,Brazil Carioca Serie B2,Futebol Clube Rio de Janeiro v Barra Mansa
Football,01-Oct 19:15,Euro U21 Championship Qualifiers,San Marino U21 v Spain U21
Football,01-Oct 19:45,UEFA Nations League,Israel v Kosovo
Football,01-Oct 19:45,Euro U21 Championship Qualifiers,Northern Ireland U21 v Georgia U21
Football,01-Oct 19:45,UEFA Nations League,Germany v Serbia
Football,01-Oct 19:45,UEFA Nations League,Wales v Norway
Football,01-Oct 19:45,UEFA Nations League,Republic of Ireland v Austria
Football,01-Oct 19:45,UEFA Nations League,Malta v Gibraltar
Football,01-Oct 19:45,UEFA Nations League,Greece v Netherlands
Football,01-Oct 19:45,UEFA Nations League,Denmark v Portugal
Football,01-Oct 19:45,France Ligue 3,Bastia v US Orleans Loiret Football
Football,01-Oct 20:00,African Cup of Nations Qualifying,Angola v Malawi
Football,01-Oct 20:00,Costa Rica Division 2,AD Cariari v AD Santa Ana
Football,01-Oct 20:00,CONCACAF Nations League,British Virgin Islands v Montserrat
Football,01-Oct 20:00,UEFA Women's Champions League,Paris Saint-Germain Women v Oud Heverlee Leuven Women
Football,01-Oct 20:00,UEFA Women's Champions League,Manchester City W.F.C v Real Madrid Women
Football,01-Oct 21:00,Argentina Reserve League,Talleres Reserves v Godoy Cruz Reserves
Football,01-Oct 21:00,CONCACAF Nations League,US Virgin Islands v Saint Martin
Football,01-Oct 21:00,Peruvian Copa de la Liga,Sporting Cristal v ADT de Tarma
Football,01-Oct 21:30,Ecuador Primera B,Cumbaya FC v CD Santo Domingo
Football,01-Oct 21:30,Colombia Primera B,Envigado v Orsomarso
Football,01-Oct 22:00,CONCACAF Nations League,Dominica v Guyana
Football,01-Oct 22:30,El Salvador Primera Division,Fuerte San Francisco v CD Luis Angel Firpo
Football,01-Oct 23:00,CONCACAF Nations League,Curacao v Trinidad and Tobago
Football,01-Oct 23:00,Copa Paraguay,Olimpia Asuncion v Sportivo Luqueno
Football,01-Oct 23:00,Brazil Cearense U20,Fortaleza U20 v Ceara SC Fortaleza U20
Football,01-Oct 23:00,Brazil Cearense U20,Fortaleza U20 v Ceara SC Fortaleza U20
Football,01-Oct 23:00,Argentina Reserve League,River Plate Reserves v Sarmiento de Junin Reserves
Football,01-Oct 23:30,Bolivia Cup,Bolivar (Bolivia) v San Jose (Bolivia)
Football,01-Oct 23:30,Brazil Paraibano 2,Serrano PB v Desportiva Guarabira
Football,02-Oct 00:00,CONCACAF Nations League,Anguilla v Antigua and Barbuda
Football,02-Oct 00:30,Brazil Serie B,Athletic Club SJdR (MG) v Sport Recife
Football,02-Oct 01:00,El Salvador Primera Division,Inca Aruba v CD Municipal Limeno
Football,02-Oct 01:00,CONCACAF Nations League,Dominican Republic v Haiti
Football,02-Oct 01:00,CONCACAF Nations League,Cayman Islands v Puerto Rico
Football,02-Oct 01:00,Brazil Serie B,Gremio Novorizontino v Goias
Football,02-Oct 01:15,Argentina Cup,Platense v Estudiantes de La Plata
Football,02-Oct 01:30,Bolivia Cup,Blooming v Independiente Petrolero
Football,02-Oct 02:00,Colombia Primera A,Inter Bogota v Once Caldas
Football,02-Oct 02:30,US Major League Soccer,Seattle Sounders v Sporting Kansas City
Football,02-Oct 03:00,CONCACAF Nations League,Nicaragua v Costa Rica
Football,02-Oct 09:30,Club Friendly,ACS Petrolul 52 Ploiesti v CS Afumati
Football,02-Oct 10:00,FIFA Asean Cup,Vietnam v Pakistan
Football,02-Oct 10:00,FIFA Asean Cup,Thailand v Philippines
Football,02-Oct 10:00,Club Friendly,Aluminij v Varazdin
Football,02-Oct 10:00,Club Friendly,Gornik Zabrze v Odra Opole
Football,02-Oct 10:00,Club Friendly,FC Admira Wacker Modling v Austria Vienna
Football,02-Oct 10:00,Club Friendly,FC Zlin v Prostejov
Football,02-Oct 10:30,Club Friendly,KS Rakow Czestochowa v Polonia Bytom
Football,02-Oct 11:00,South Korea Womens K League,Hwacheon KSPO v Incheon Women
Football,02-Oct 11:00,South Korea K3 League,Daejeon Korail v Gangneung City
Football,02-Oct 11:00,Japan J3 League,Reilac Shiga FC v Kumamoto
Football,02-Oct 11:00,South Korea Womens K League,Gumi Sportstoto Women v Suwon Women
Football,02-Oct 11:00,Poland 3. Liga Group 3,Zaglebie Lubin II v Gornik Polkowice
Football,02-Oct 11:00,Club Friendly,Sparta Prague v Vysocina Jihlava
Football,02-Oct 11:00,Club Friendly,RKS Radomiak Radom v Pogon Grodzisk M
Football,02-Oct 11:00,Club Friendly,Nurnberg v Ingolstadt
Football,02-Oct 11:00,Club Friendly,Nurnberg v Ingolstadt
Football,02-Oct 11:00,South Korea Womens K League,Incheon Women v Hwacheon KSPO
Football,02-Oct 11:00,Club Friendly,Wisla Plock v Unia Skierniewice
Football,02-Oct 12:00,International Friendly,South Korea v Venezuela
Football,02-Oct 12:00,Club Friendly,Sturm Graz v Floridsdorfer AC
Football,02-Oct 12:00,Sweden Allsvenskan U21 North,IFK Norrkoping FK U21 v Brommapojkarna U21
Football,02-Oct 12:00,Club Friendly,Kolding IF v OB Odense BK
Formula1,02-Oct 05:30,Formula 1 World Championship,Bahrain Grand Prix: Free Practice
GreyhoundRacing,29-Sep 12:34,Newcastle,{2026-09-29T11:34:00.0000000Z} @ Newcastle
GreyhoundRacing,29-Sep 12:42,Sheffield,{2026-09-29T11:42:00.0000000Z} @ Sheffield
GreyhoundRacing,29-Sep 12:51,Newcastle,{2026-09-29T11:51:00.0000000Z} @ Newcastle
GreyhoundRacing,29-Sep 12:59,Sheffield,{2026-09-29T11:59:00.0000000Z} @ Sheffield
GreyhoundRacing,29-Sep 13:08,Newcastle,{2026-09-29T12:08:00.0000000Z} @ Newcastle
GreyhoundRacing,29-Sep 13:17,Sheffield,{2026-09-29T12:17:00.0000000Z} @ Sheffield
GreyhoundRacing,29-Sep 13:26,Newcastle,{2026-09-29T12:26:00.0000000Z} @ Newcastle
GreyhoundRacing,29-Sep 13:33,Sheffield,{2026-09-29T12:33:00.0000000Z} @ Sheffield
GreyhoundRacing,29-Sep 13:42,Newcastle,{2026-09-29T12:42:00.0000000Z} @ Newcastle
GreyhoundRacing,29-Sep 13:49,Valley,{2026-09-29T12:49:00.0000000Z} @ Valley
GreyhoundRacing,29-Sep 13:51,Sheffield,{2026-09-29T12:51:00.0000000Z} @ Sheffield
GreyhoundRacing,29-Sep 13:59,Newcastle,{2026-09-29T12:59:00.0000000Z} @ Newcastle
GreyhoundRacing,29-Sep 14:07,Sheffield,{2026-09-29T13:07:00.0000000Z} @ Sheffield
GreyhoundRacing,29-Sep 14:08,Valley,{2026-09-29T13:08:00.0000000Z} @ Valley
GreyhoundRacing,29-Sep 14:14,Newcastle,{2026-09-29T13:14:00.0000000Z} @ Newcastle
GreyhoundRacing,29-Sep 14:23,Romford,{2026-09-29T13:23:00.0000000Z} @ Romford
GreyhoundRacing,29-Sep 14:26,Valley,{2026-09-29T13:26:00.0000000Z} @ Valley
GreyhoundRacing,29-Sep 14:31,Monmore,{2026-09-29T13:31:00.0000000Z} @ Monmore
GreyhoundRacing,29-Sep 14:41,Romford,{2026-09-29T13:41:00.0000000Z} @ Romford
GreyhoundRacing,29-Sep 14:44,Valley,{2026-09-29T13:44:00.0000000Z} @ Valley
GreyhoundRacing,29-Sep 14:49,Monmore,{2026-09-29T13:49:00.0000000Z} @ Monmore
GreyhoundRacing,29-Sep 15:01,Romford,{2026-09-29T14:01:00.0000000Z} @ Romford
GreyhoundRacing,29-Sep 15:03,Valley,{2026-09-29T14:03:00.0000000Z} @ Valley
GreyhoundRacing,29-Sep 15:09,Monmore,{2026-09-29T14:09:00.0000000Z} @ Monmore
GreyhoundRacing,29-Sep 15:19,Romford,{2026-09-29T14:19:00.0000000Z} @ Romford
GreyhoundRacing,29-Sep 15:22,Valley,{2026-09-29T14:22:00.0000000Z} @ Valley
GreyhoundRacing,29-Sep 15:27,Monmore,{2026-09-29T14:27:00.0000000Z} @ Monmore
GreyhoundRacing,29-Sep 15:38,Romford,{2026-09-29T14:38:00.0000000Z} @ Romford
GreyhoundRacing,29-Sep 15:41,Valley,{2026-09-29T14:41:00.0000000Z} @ Valley
GreyhoundRacing,29-Sep 15:47,Monmore,{2026-09-29T14:47:00.0000000Z} @ Monmore
GreyhoundRacing,29-Sep 15:57,Romford,{2026-09-29T14:57:00.0000000Z} @ Romford
GreyhoundRacing,29-Sep 15:57,Romford,{2026-09-29T14:57:00.0000000Z} @ Romford
GreyhoundRacing,29-Sep 15:59,Valley,{2026-09-29T14:59:00.0000000Z} @ Valley
GreyhoundRacing,29-Sep 16:04,Monmore,{2026-09-29T15:04:00.0000000Z} @ Monmore
GreyhoundRacing,29-Sep 16:16,Romford,{2026-09-29T15:16:00.0000000Z} @ Romford
GreyhoundRacing,29-Sep 16:18,Valley,{2026-09-29T15:18:00.0000000Z} @ Valley
GreyhoundRacing,29-Sep 16:24,Monmore,{2026-09-29T15:24:00.0000000Z} @ Monmore
GreyhoundRacing,29-Sep 16:34,Romford,{2026-09-29T15:34:00.0000000Z} @ Romford
GreyhoundRacing,29-Sep 16:37,Valley,{2026-09-29T15:37:00.0000000Z} @ Valley
GreyhoundRacing,29-Sep 16:42,Monmore,{2026-09-29T15:42:00.0000000Z} @ Monmore
GreyhoundRacing,29-Sep 16:53,Romford,{2026-09-29T15:53:00.0000000Z} @ Romford
GreyhoundRacing,29-Sep 17:01,Monmore,{2026-09-29T16:01:00.0000000Z} @ Monmore
GreyhoundRacing,29-Sep 17:12,Romford,{2026-09-29T16:12:00.0000000Z} @ Romford
GreyhoundRacing,29-Sep 17:19,Monmore,{2026-09-29T16:19:00.0000000Z} @ Monmore
GreyhoundRacing,29-Sep 17:31,Romford,{2026-09-29T16:31:00.0000000Z} @ Romford
GreyhoundRacing,29-Sep 17:37,Monmore,{2026-09-29T16:37:00.0000000Z} @ Monmore
GreyhoundRacing,29-Sep 17:49,Romford,{2026-09-29T16:49:00.0000000Z} @ Romford
GreyhoundRacing,29-Sep 17:57,Monmore,{2026-09-29T16:57:00.0000000Z} @ Monmore
GreyhoundRacing,29-Sep 18:14,Central Park,{2026-09-29T17:14:00.0000000Z} @ Central Park
GreyhoundRacing,29-Sep 19:06,Central Park,{2026-09-29T18:06:00.0000000Z} @ Central Park
GreyhoundRacing,29-Sep 20:13,Central Park,{2026-09-29T19:13:00.0000000Z} @ Central Park
GreyhoundRacing,29-Sep 21:04,Central Park,{2026-09-29T20:04:00.0000000Z} @ Central Park
Handball,29-Sep 11:15,IHF Super Globe,Zamalek v EC Pinheiros
Handball,29-Sep 13:00,Greece A1,DIKEAS Olympiakos v Kilkis
Handball,29-Sep 13:30,IHF Super Globe,FC Barcelona Intersport v Montada
Handball,29-Sep 15:45,IHF Super Globe,Veszprem KC v Burgan
Handball,29-Sep 17:45,EHF European League,VfL Gummersbach v Wybrzeze Gdansk
Handball,29-Sep 17:45,EHF European League,Karvina v Team Tvis Holstebro
Handball,29-Sep 17:45,EHF European League,IK Savehof v Sesvete
Handball,29-Sep 17:45,EHF European League,Izvidac Mi grupa v Chambery Savoie HB
Handball,29-Sep 17:45,EHF European League,CS HC Buzau 2012 v Aguas Santas Milaneza
Handball,29-Sep 18:00,IHF Super Globe,Fuchse Berlin v Al Ahly
Handball,29-Sep 19:00,France Cup,Valence Handball v Dunkerque
Handball,29-Sep 19:00,France Cup,Billere Handball v Istres Ouest Provence
Handball,29-Sep 19:00,France Cup,USM Saran HB v Toulouse Union
Handball,29-Sep 19:00,France Cup,UMS Pontault Combault v OC Cesson
Handball,29-Sep 19:00,Denmark Cup,Skive fH v SAH Skanderborg AGF
Handball,29-Sep 19:30,France Cup,Grand Besancon Doubs v Tremblay En France
Handball,29-Sep 19:30,France Cup,US Creteil v Chartres
Handball,29-Sep 19:45,EHF European League,Valur FC v Mors-Thy
Handball,29-Sep 19:45,EHF European League,SL Benfica v BM Torrelavega
Handball,29-Sep 19:45,EHF European League,Nexe Nasice v Saint Raphael VHB
Handball,29-Sep 19:45,EHF European League,Elverum v Hammarby IF HF
Handball,29-Sep 20:00,Spain Division de Honor Women,Zonzamas Cicar Lanzarote Women v Mecalia Atletico Guardes Women
Handball,30-Sep 13:00,Turkey Superlig,Giresunspor v Goztepe
Handball,30-Sep 14:00,Turkey Superlig,Spor Toto Spor Kulubu v Istanbul GSK
Handball,30-Sep 15:00,Romania Liga Nationala Women,C.S. Oltchim Rm. Valcea Women v SCM Craiova Women
Handball,30-Sep 16:00,Norway Division 1,Varhaug v Charlottenlund
Handball,30-Sep 16:00,Greece A1,Zafeirakis v Aris
Handball,30-Sep 16:00,Romania Liga Nationala Women,HC Zalau Women v CS Gloria 2018 Bistrita-Nasaud Women
Handball,30-Sep 16:00,Greece A1,Athinaikos v Ionikos
Handball,30-Sep 16:00,Greece A1,GS Drama 86 v ASE Douka
Handball,30-Sep 16:30,Norway Division 1 (Women),Stavanger Women v Storhamar Bredde Women
Handball,30-Sep 16:30,Norway Division 1 (Women),Stavanger Women v Storhamar Bredde Women
Handball,30-Sep 16:30,Finland SM-Sarja,Cocks v BK-46
Handball,30-Sep 17:00,Norway Elkjop-ligaen Women,Sola Women v Follo HK Women
Handball,30-Sep 17:00,Hungary NB 1 Women,Kisvarda Master Good SE Women v FTC Women
Handball,30-Sep 17:00,Norway Elkjop-ligaen Women,Gjerpen Women v Fredrikstad BKL Women
Handball,30-Sep 17:00,Hungary NB 1 Women,Budaors Women v Vaci NKSE Women
Handball,30-Sep 17:00,Hungary NB 1 Women,Motherson Mosonmagyarovar Women v Gyori Audi ETO KC Women
Handball,30-Sep 17:00,Poland Ekstraklasa,Kielce Vive v Slask Wroclaw
Handball,30-Sep 17:00,Norway Elkjop-ligaen Women,Molde Elite Women v Utleira Women
Handball,30-Sep 17:15,Norway Elkjop-ligaen Women,Larvik Women v Storhamar Handball Elite Women
Handball,30-Sep 17:30,Norway Elkjop-ligaen Women,Tertnes Bergen Women v Byasen Women
Handball,30-Sep 17:30,Denmark Handball League Women,Nykoping Falster Women v Nordvestjysk Elite Women
Handball,30-Sep 17:30,Sweden Elitserien (Womens),IF Hallby HK Women v Hoors HK H 65 Women
Handball,30-Sep 17:45,EHF European League,SG Flensburg-Handewitt v Fraikin BM. Granollers
Handball,30-Sep 17:45,EHF European League,Tatabanya v Slovan
Handball,30-Sep 17:45,EHF European League,Kadetten Schaffhausen v CSM Bucuresti
Handball,30-Sep 18:00,Norway Division 1 (Women),Kjelsas Women v Volda Women
Handball,30-Sep 18:00,Italy A Elite,ASD Albatro v Sassari
Handball,30-Sep 18:00,Sweden Elitserien (Womens),Ystads IF Women v Vasterasirsta Women
Handball,30-Sep 18:00,Sweden Allsvenskan (Women),HK Aranas Women v Kroppskultur Women
Handball,30-Sep 18:00,Sweden Elitserien (Womens),IK Savehof Women v Boden Handboll IF Women
Handball,30-Sep 18:00,Denmark Handball League Women,Ringkobing Handbold Women v Viborg Women
Handball,30-Sep 18:00,Sweden Elitserien (Womens),Skara HF Women v OV Helsingborg HK Women
Handball,30-Sep 18:00,Denmark Handball League Women,Horsens Women v EH Aalborg Women
Handball,30-Sep 18:00,Germany Bundesliga,SC Magdeburg v THW Kiel
Handball,30-Sep 18:30,Germany 2 Bundesliga,Die Eulen Ludwigshafen v HSG Nordhorn-Lingen
Handball,30-Sep 18:30,Italy A Elite,Trieste v Indata Meran
Handball,30-Sep 19:00,France Cup,Sarrebourg Moselle Sud v Usam Nimes Gard
Handball,30-Sep 19:00,Denmark Handball League Women,Odense Handball Women v Team Esbjerg Women
Handball,30-Sep 19:15,Norway Elkjop-ligaen,Naerbo v Kolstad
Handball,30-Sep 19:45,EHF European League,Bidasoa Irun v FH Hafnarfjardar
Handball,30-Sep 19:45,EHF European League,Bidasoa Irun v FH Hafnarfjardar
Handball,30-Sep 19:45,EHF European League,HC Pelister v Naturhouse La Rioja
Handball,30-Sep 19:45,EHF European League,Limoges Hand 87 v AM Madeira And Sad
Handball,30-Sep 19:45,EHF European League,Tatran Presov v Bergischer HC
Handball,30-Sep 20:00,Portugal Campeonato Andebol 1,FC Porto v ABC de Braga
Handball,01-Oct 13:00,Greece A1,PAOK v XANTH
Handball,01-Oct 14:00,Greece A1,Diomidis Argous v AEK Athens
Handball,01-Oct 17:00,Poland Ekstraklasa Women,Sosnica Gliwice Women v Metraco Zaglebie Lubin Women
Handball,01-Oct 18:00,Norway Division 1 (Women),Aker Women v Gjovik Women
Handball,01-Oct 18:00,Germany Bundesliga,SG Flensburg-Handewitt v Frisch Auf Goppingen
Handball,01-Oct 18:00,Germany Bundesliga,SG BBM Bietigheim v Fuchse Berlin
Handball,01-Oct 18:00,Germany Bundesliga,MT Melsungen v TSV Hannover-Burgdorf
Handball,01-Oct 18:00,Germany Bundesliga,TBV Lemgo v HSV Hamburg
Handball,01-Oct 18:00,Sweden Elitserien,Helsingborg v Skanela IF
Handball,01-Oct 18:00,Germany Bundesliga,ThSV Eisenach v TVB 1898 Stuttgart
Handball,01-Oct 19:00,Iceland Olis Delidin,KA v IBV Vestmannaeyjar
Handball,01-Oct 19:00,Icelandic Olis Deild Women,Fram Women v Selfoss Women
Handball,01-Oct 19:00,France Pro A,USM Saran HB v Paris
Handball,01-Oct 20:00,Iceland Olis Delidin,Thor Ak v Valur FC
Handball,01-Oct 20:00,Iceland Olis Delidin,Haukar v Vikingur Reykjavik
Handball,01-Oct 20:30,Iceland Olis Delidin,Selfoss v FH Hafnarfjardar
Handball,01-Oct 20:30,Iceland Olis Delidin,HK Kopavogs v Stjarnan
Handball,01-Oct 21:30,Iceland Olis Delidin,Fram Reykjavik v Afturelding
Handball,02-Oct 10:00,Turkey Super Lig Women,Ortahisar Belediyesi Women v Goztepe Women
HorseRacing,29-Sep 13:55,Cork,{2026-09-29T12:55:00.0000000Z} 5f
HorseRacing,29-Sep 14:02,Bath,{2026-09-29T13:02:00.0000000Z} 1m 2f 37y
HorseRacing,29-Sep 14:08,Ayr,{2026-09-29T13:08:00.0000000Z} 1m 0f 0y
HorseRacing,29-Sep 14:15,Sedgefield,{2026-09-29T13:15:00.0000000Z} 2m 0f 178y
HorseRacing,29-Sep 14:25,Cork,{2026-09-29T13:25:00.0000000Z} 6f
HorseRacing,29-Sep 14:32,Bath,{2026-09-29T13:32:00.0000000Z} 1m 5f 11y
HorseRacing,29-Sep 14:38,Ayr,{2026-09-29T13:38:00.0000000Z} 0m 6f 0y
HorseRacing,29-Sep 14:45,Sedgefield,{2026-09-29T13:45:00.0000000Z} 2m 0f 178y
HorseRacing,29-Sep 14:55,Cork,{2026-09-29T13:55:00.0000000Z} 6f
HorseRacing,29-Sep 15:02,Bath,{2026-09-29T14:02:00.0000000Z} 1m 0f 0y
HorseRacing,29-Sep 15:08,Ayr,{2026-09-29T14:08:00.0000000Z} 1m 2f 0y
HorseRacing,29-Sep 15:15,Sedgefield,{2026-09-29T14:15:00.0000000Z} 2m 5f 28y
HorseRacing,29-Sep 15:25,Cork,{2026-09-29T14:25:00.0000000Z} 6f
HorseRacing,29-Sep 15:32,Bath,{2026-09-29T14:32:00.0000000Z} 1m 0f 0y
HorseRacing,29-Sep 15:38,Ayr,{2026-09-29T14:38:00.0000000Z} 0m 7f 50y
HorseRacing,29-Sep 15:45,Sedgefield,{2026-09-29T14:45:00.0000000Z} 2m 3f 188y
HorseRacing,29-Sep 15:55,Cork,{2026-09-29T14:55:00.0000000Z} 1m 2f 90yds
HorseRacing,29-Sep 16:02,Bath,{2026-09-29T15:02:00.0000000Z} 0m 5f 10y
HorseRacing,29-Sep 16:08,Ayr,{2026-09-29T15:08:00.0000000Z} 0m 7f 50y
HorseRacing,29-Sep 16:15,Sedgefield,{2026-09-29T15:15:00.0000000Z} 2m 0f 77y
HorseRacing,29-Sep 16:25,Cork,{2026-09-29T15:25:00.0000000Z} 1m
HorseRacing,29-Sep 16:30,Wolverhampton,{2026-09-29T15:30:00.0000000Z} 1m 1f 104y
HorseRacing,29-Sep 16:35,Bath,{2026-09-29T15:35:00.0000000Z} 0m 5f 160y
HorseRacing,29-Sep 16:40,Ayr,{2026-09-29T15:40:00.0000000Z} 0m 6f 0y
HorseRacing,29-Sep 16:45,Sedgefield,{2026-09-29T15:45:00.0000000Z} 2m 0f 178y
HorseRacing,29-Sep 16:55,Cork,{2026-09-29T15:55:00.0000000Z} 1m
HorseRacing,29-Sep 17:00,Wolverhampton,{2026-09-29T16:00:00.0000000Z} 1m 4f 51y
HorseRacing,29-Sep 17:07,Bath,{2026-09-29T16:07:00.0000000Z} 0m 5f 160y
HorseRacing,29-Sep 17:13,Ayr,{2026-09-29T16:13:00.0000000Z} 1m 7f 0y
HorseRacing,29-Sep 17:25,Cork,{2026-09-29T16:25:00.0000000Z} 1m
HorseRacing,29-Sep 17:30,Wolverhampton,{2026-09-29T16:30:00.0000000Z} 0m 7f 36y
HorseRacing,29-Sep 17:30,Wolverhampton,{2026-09-29T16:30:00.0000000Z} 0m 7f 36y
HorseRacing,29-Sep 17:37,Bath,{2026-09-29T16:37:00.0000000Z} 0m 5f 160y
HorseRacing,29-Sep 18:00,Wolverhampton,{2026-09-29T17:00:00.0000000Z} 0m 7f 36y
HorseRacing,29-Sep 18:07,Bath,{2026-09-29T17:07:00.0000000Z} 1m 2f 0y
HorseRacing,29-Sep 18:30,Wolverhampton,{2026-09-29T17:30:00.0000000Z} 0m 6f 20y
HorseRacing,29-Sep 19:00,Wolverhampton,{2026-09-29T18:00:00.0000000Z} 0m 6f 20y
HorseRacing,29-Sep 19:30,Wolverhampton,{2026-09-29T18:30:00.0000000Z} 2m 0f 120y
HorseRacing,29-Sep 20:00,Wolverhampton,{2026-09-29T19:00:00.0000000Z} 1m 0f 142y
HorseRacing,29-Sep 20:30,Wolverhampton,{2026-09-29T19:30:00.0000000Z} 1m 0f 142y
IceHockey,29-Sep 16:00,Czechia Extraliga,HC Ocelari Trinec v Rytiri Kladno
IceHockey,29-Sep 16:00,Slovakia Extraliga,HK SKP Poprad v MsHK Zilina
IceHockey,29-Sep 16:30,Finland SM-Liiga,Jokerit v HPK
IceHockey,29-Sep 16:30,Finland SM-Liiga,Ilves v Mikkelin Jukurit
IceHockey,29-Sep 16:30,Czechia Extraliga,HC Verva Litvinov v Bili Tygri Liberec
IceHockey,29-Sep 16:30,Czechia Extraliga,BK Mlada Boleslav v HC Plzen 1929
IceHockey,29-Sep 16:30,Slovakia Extraliga,Spisska Nova Ves v HKM Zvolen
IceHockey,29-Sep 17:00,Poland Hockey League,Comarch Cracovia v HC GKS Katowice
IceHockey,29-Sep 17:00,Czechia Extraliga,HC Mountfield v HC Sparta Prague
IceHockey,29-Sep 17:00,Czechia Extraliga,HC Dynamo Pardubice v CEZ Ceske Budejovice
IceHockey,29-Sep 17:00,Czechia Extraliga,HC Olomouc v HC Vitkovice Ridera
IceHockey,29-Sep 17:00,Slovakia Extraliga,HK Nitra v Liptovsky Mikulas
IceHockey,29-Sep 17:00,Slovakia Extraliga,HC 21 Presov v HK Dukla Michalovce
IceHockey,29-Sep 17:00,Poland Hockey League,Ciarko PBS Bank Sanok v Zaglebie Sosnowiec SA
IceHockey,29-Sep 17:30,Poland Hockey League,HC GKS Katowice v Comarch Cracovia
IceHockey,29-Sep 18:00,Sweden Hockey League,Brynas IF v Timra IK
IceHockey,29-Sep 18:00,Sweden Hockey League,Skelleftea AIK v Lulea HF
IceHockey,29-Sep 18:00,Sweden Hockey League,IF Bjorkloven v HV 71
IceHockey,29-Sep 18:00,Danish Metal Ligaen,Blue Fox Herning v Herlev Eagles
IceHockey,29-Sep 18:00,Austria Alps Hockey League,HK Acroni Jesenice v EC Red Bull Salzburg
IceHockey,29-Sep 18:30,Switzerland NLB,EHC Visp v EHC Arosa
IceHockey,29-Sep 18:30,Danish Metal Ligaen,Rungsted Hockey v Odense Bulldogs
IceHockey,29-Sep 18:45,Switzerland NLA,HC Ambri-Piotta v HC Davos
IceHockey,29-Sep 18:45,Switzerland NLA,HC Ajoie v Lausanne HC
IceHockey,29-Sep 18:45,Switzerland NLA,HC Fribourg-Gotteron v SC Bern
IceHockey,29-Sep 18:45,Switzerland NLA,Rapperswil-Jona Lakers v EV Zug
IceHockey,29-Sep 18:45,Switzerland NLA,Geneve-Servette HC v Kloten-Flyers
IceHockey,29-Sep 18:45,Switzerland NLB,La Chaux Fonds v Hockey Thurgau
IceHockey,29-Sep 18:45,Switzerland NLA,SCL Tigers v HC Lugano
IceHockey,29-Sep 18:45,Switzerland NLB,HC Sierre v GDT Bellinzona
IceHockey,29-Sep 18:45,Switzerland NLA,ZSC Lions v EHC Biel
IceHockey,29-Sep 18:45,Switzerland NLA,ZSC Lions v EHC Biel
IceHockey,29-Sep 18:45,Switzerland NLB,EHC Olten v GCK Lions
IceHockey,29-Sep 19:00,Switzerland NLB,Chur v Basel
IceHockey,29-Sep 19:00,France Ligue Magnus,Rouen Dragons v HC Amiens
IceHockey,29-Sep 19:00,France Ligue Magnus,Nice Aigles v Bordeaux Boxers
IceHockey,29-Sep 19:00,France Ligue Magnus,GAP v Anglet Hormadi Elite
IceHockey,29-Sep 19:05,France Ligue Magnus,Chamonix v Marseille
IceHockey,29-Sep 19:15,France Ligue Magnus,Grenoble v Cergy-Pontoise
IceHockey,29-Sep 19:30,France Ligue Magnus,Angers v Briancon
IceHockey,29-Sep 22:05,US NHL,Florida Panthers @ Carolina Hurricanes
IceHockey,30-Sep 00:05,US NHL,Montreal Canadiens @ Toronto Maple Leafs
IceHockey,30-Sep 01:05,US NHL,New York Rangers @ Boston Bruins
IceHockey,30-Sep 02:00,Canada WHL,Red Deer Rebels v Prince Albert Raiders
IceHockey,30-Sep 02:00,Canada WHL,Prince Albert Raiders v Red Deer Rebels
IceHockey,30-Sep 03:05,US NHL,Vancouver Canucks @ Edmonton Oilers
IceHockey,30-Sep 03:35,US NHL,Chicago Blackhawks @ Vegas Golden Knights
IceHockey,30-Sep 15:15,Czechia 1. Liga,HC Tabor v HC Banik Sokolov
IceHockey,30-Sep 16:00,Czechia 1. Liga,HC Frydek-Mistek v HC Stadion Litomerice
IceHockey,30-Sep 16:30,Czechia 1. Liga,HC Zubr Prerov v VHK Vsetin
IceHockey,30-Sep 16:30,Finland SM-Liiga,Kiekko Espoo v TPS
IceHockey,30-Sep 16:30,Czechia 1. Liga,PSG Zlin v SK Horacka Slavia Trebic
IceHockey,30-Sep 16:30,Finland SM-Liiga,Oulun Karpat v SaiPa
IceHockey,30-Sep 16:30,Czechia 1. Liga,Pirati Chomutov v SC Kolin
IceHockey,30-Sep 16:30,Finland SM-Liiga,Tappara v KooKoo
IceHockey,30-Sep 16:30,Czechia 1. Liga,Dukla Jihlava v Pardubice B
IceHockey,30-Sep 17:00,Czechia 2. Liga,Prostejov 1913 v SHK Hodonin
IceHockey,30-Sep 17:00,Czechia 2. Liga,HC Benatky nad Jizerou v Kadan
IceHockey,30-Sep 17:00,Czechia 1. Liga,Slavia Prague v HC AZ Havirov 2010
IceHockey,30-Sep 17:00,Latvia LHL,Zemgale/JLSS v HS Riga
IceHockey,30-Sep 17:15,Latvia LHL,Kyiv Capitals v HK Prizma
IceHockey,30-Sep 17:30,Austria OEL,Ferencvarosi TC v Steel Wings Linz
IceHockey,30-Sep 17:30,Austria OEL,Ferencvarosi TC v Steel Wings Linz
IceHockey,30-Sep 17:30,Czechia 2. Liga,Pribram v HC Kobra Praha
IceHockey,30-Sep 17:30,Austria OEL,Moser Medical Graz 99ers v Valpusteria
IceHockey,30-Sep 17:30,Austria OEL,Ferencvarosi TC v EHC Black Wings Linz
IceHockey,30-Sep 17:30,Danish Metal Ligaen,Esbjerg Energy v Frederikshavn White Hawks
IceHockey,30-Sep 18:00,Norway 1st Division,Manglerud Star v Lorenskog IK
IceHockey,30-Sep 18:00,Sweden Hockeyettan,IF Troja/Ljungby v Morrums GoIS IK
IceHockey,30-Sep 18:00,Norway 1st Division,Kongsvinger IL v Gjovik Hockey
IceHockey,30-Sep 18:00,Sweden Hockeyettan,Boro/Vetlanda HC v HC Vita Hasten
IceHockey,30-Sep 18:00,Sweden Hockeyettan,Boras HC v Kungalvs IK
IceHockey,30-Sep 18:00,Sweden Hockeyettan,Mjolby HC v Nykopings SK
IceHockey,30-Sep 18:00,Sweden Allsvenskan,Mora IK v Nybro Vikings IF
IceHockey,30-Sep 18:00,Sweden Allsvenskan,AIK IF Stockholm v Visby-Roma HK
IceHockey,30-Sep 18:00,Sweden Allsvenskan,Almtuna IS v Sodertalje SK
IceHockey,30-Sep 18:00,Sweden Allsvenskan,Vimmerby HC v MODO Hockey
IceHockey,30-Sep 18:00,Sweden Allsvenskan,IK Oskarshamn v BIK Karlskoga
IceHockey,30-Sep 18:00,Sweden Allsvenskan,Ostersund IK v Kalmar HC
IceHockey,30-Sep 18:00,Norway 1st Division,Ski Elite v IK Comet Halden
IceHockey,30-Sep 18:00,Sweden Hockeyettan,Grastorps IK v Halmstad HF
IceHockey,30-Sep 18:00,Sweden Hockeyettan,HC Dalen v Tingsryds AIF
IceHockey,30-Sep 18:00,Sweden Allsvenskan,Leksands IF v VIK Vasteras HK
IceHockey,30-Sep 18:15,Austria OEL,SAPA Fehervar AV19 v Villach
IceHockey,30-Sep 18:15,Austria OEL,Klagenfurt v HC Milano Rossoblu
IceHockey,30-Sep 18:15,Austria OEL,HC TWK Innsbruck v BEMER Pioneers Vorarlberg
IceHockey,30-Sep 18:15,Austria OEL,EC Red Bull Salzburg v HC Bolzano
IceHockey,30-Sep 18:45,Switzerland NLA,Lausanne HC v Geneve-Servette HC
IceHockey,30-Sep 19:30,Great Britain Elite League,Glasgow Clan v Manchester Storm
IceHockey,01-Oct 00:00,Canada QMJHL,Victoriaville Tigres v Charlottetown Islanders
IceHockey,01-Oct 00:35,US NHL,New York Islanders @ Toronto Maple Leafs
IceHockey,01-Oct 00:35,US NHL,Pittsburgh Penguins @ Philadelphia Flyers
IceHockey,01-Oct 02:00,Canada WHL,Prince Albert Raiders v Red Deer Rebels
IceHockey,01-Oct 02:00,Canada WHL,Prince Albert Raiders v Red Deer Rebels
IceHockey,01-Oct 03:05,US NHL,Los Angeles Kings @ Colorado Avalanche
IceHockey,01-Oct 15:00,Kazakhstan Championship,Saryarka Karagandy v Yertis Pavlodar
IceHockey,01-Oct 15:00,Kazakhstan Championship,HC Beybarys v Kazzinc Torpedo
IceHockey,01-Oct 15:00,Kazakhstan Championship,HC Nomad v HC Kulager Petropavlovsk
IceHockey,01-Oct 16:30,Finland Mestis,Imatran Kettera v KeuPa
IceHockey,01-Oct 17:00,Elitehockeyligaen,Stavanger Oilers v Ringerike
IceHockey,01-Oct 17:30,Elitehockeyligaen,Nidaros Hockey v Storhamar Hockey
IceHockey,01-Oct 17:30,Czechia Extraliga,HC Sparta Prague v CEZ Ceske Budejovice
IceHockey,01-Oct 17:30,Elitehockeyligaen,Stjernen Hockey v Valerenga Ishockey
IceHockey,01-Oct 17:30,Elitehockeyligaen,Narvik IK v Sparta Sarpsborg
IceHockey,01-Oct 17:30,Elitehockeyligaen,Frisk Asker Ishockey v Lillehammer IK
IceHockey,01-Oct 18:00,Sweden Hockey League,Skelleftea AIK v IF Malmo Redhawks
IceHockey,01-Oct 18:00,Sweden Hockey League,IF Bjorkloven v Vaxjo Lakers HC
IceHockey,01-Oct 18:00,Sweden Hockey League,Linkopings HC v Lulea HF
IceHockey,01-Oct 18:00,Sweden Hockey League,HV 71 v Orebro Hockeyklubb
IceHockey,01-Oct 18:00,Sweden Hockey League,Frolunda HC v Brynas IF
IceHockey,01-Oct 18:00,Sweden Hockey League,Rogle BK v Timra IK
IceHockey,01-Oct 18:00,Austria Alps Hockey League,EC KAC II v Ritten Sport
IceHockey,01-Oct 18:00,Sweden Hockey League,Djurgardens IF v Farjestad BK
IceHockey,01-Oct 18:15,Austria Alps Hockey League,EC Red Bull Salzburg v HC Meran/o Pircher
IceHockey,01-Oct 18:15,Austria Alps Hockey League,EC Red Bull Salzburg U20 v HC Meran/o Pircher
IceHockey,01-Oct 18:30,Germany DEL,Adler Mannheim v Iserlohn Roosters
IceHockey,01-Oct 18:30,Austria Alps Hockey League,EC Die Adler Stadtwerke Kitzbuhel v Vipiteno Broncos
IceHockey,01-Oct 18:30,Austria Alps Hockey League,KHL Sisak v EK Zeller Eisbaren
IceHockey,01-Oct 19:00,Switzerland NLA,HC Ambri-Piotta v SCL Tigers
IceHockey,01-Oct 19:00,Austria Alps Hockey League,Hockey Unterland Cavaliers v SG Cortina
IceHockey,01-Oct 19:30,Austria Alps Hockey League,HC Gherdeina v Supermercati Migross Asiago
IceHockey,02-Oct 00:00,Canada OHL,Barrie Colts v Niagara Icedogs
IceHockey,02-Oct 00:00,Canada QMJHL,Chicoutimi Sagueneens v Charlottetown Islanders
IceHockey,02-Oct 00:00,Canada QMJHL,Sherbrooke Phoenix v Rimouski Oceanic
IceHockey,02-Oct 00:00,Canada QMJHL,Sherbrooke Phoenix v Rimouski Oceanic
IceHockey,02-Oct 00:00,Canada QMJHL,Gatineau Olympiques v Shawinigan Cataractes
IceHockey,02-Oct 00:05,Canada OHL,Windsor Spitfires v North Bay Battalion
IceHockey,02-Oct 00:05,Canada OHL,Peterborough Petes v Erie Otters
IceHockey,02-Oct 00:05,US NHL,Philadelphia Flyers @ New Jersey Devils
IceHockey,02-Oct 00:05,US NHL,Buffalo Sabres @ Columbus Blue Jackets
IceHockey,02-Oct 00:05,US NHL,Tampa Bay Lightning @ New York Rangers
IceHockey,02-Oct 01:05,US NHL,Minnesota Wild @ Nashville Predators
IceHockey,02-Oct 02:00,Canada WHL,Red Deer Rebels v Saskatoon Blades
IceHockey,02-Oct 02:00,Canada WHL,Prince Albert Raiders v Lethbridge Hurricanes
IceHockey,02-Oct 02:00,Canada WHL,Regina Pats v Edmonton Oil Kings
IceHockey,02-Oct 02:00,Canada WHL,Saskatoon Blades v Red Deer Rebels
IceHockey,02-Oct 02:00,Canada WHL,Edmonton Oil Kings v Regina Pats
IceHockey,02-Oct 02:00,Canada WHL,Lethbridge Hurricanes v Prince Albert Raiders
IceHockey,02-Oct 02:05,US NHL,Seattle Kraken @ Calgary Flames
IceHockey,02-Oct 02:35,US NHL,Chicago Blackhawks @ Utah Mammoth
IceHockey,02-Oct 03:00,Canada WHL,Spokane Chiefs v Portland Winterhawks
IceHockey,02-Oct 03:00,Canada WHL,Brandon Wheat Kings v Prince George Cougars
IceHockey,02-Oct 03:00,Canada WHL,Portland Winterhawks v Spokane Chiefs
IceHockey,02-Oct 03:00,Canada WHL,Prince George Cougars v Brandon Wheat Kings
IceHockey,02-Oct 03:05,Canada WHL,Wenatchee Wild v Seattle Thunderbirds
IceHockey,02-Oct 03:05,Canada WHL,Swift Current Broncos v Victoria Royals
IceHockey,02-Oct 03:05,Canada WHL,Kelowna Rockets v Kamloops Blazers
IceHockey,02-Oct 03:05,Canada WHL,Kamloops Blazers v Kelowna Rockets
IceHockey,02-Oct 03:05,Canada WHL,Penticton Vees v Vancouver Giants
IceHockey,02-Oct 03:05,Canada WHL,Vancouver Giants v Penticton Vees
IceHockey,02-Oct 03:05,Canada WHL,Victoria Royals v Swift Current Broncos
IceHockey,02-Oct 03:05,Canada WHL,Seattle Thunderbirds v Wenatchee Wild
IceHockey,02-Oct 03:05,US NHL,Florida Panthers @ San Jose Sharks
IceHockey,02-Oct 03:05,US NHL,Edmonton Oilers @ Vancouver Canucks
RugbyUnion,01-Oct 07:10,Bunnings NPC,Otago v Auckland
RugbyUnion,02-Oct 07:10,Bunnings NPC,Southland v Northland
Snooker,29-Sep 12:30,Shenzhen Open,Peifan Lei v Neil Robertson
Snooker,29-Sep 12:30,Shenzhen Open,Jun Jiang v Zak Surety
Snooker,29-Sep 12:30,Shenzhen Open,Scott Donaldson v Pang Junxu
Snooker,29-Sep 12:30,Shenzhen Open,Ben Mertens v Jimmy Robertson
Snooker,30-Sep 02:30,Shenzhen Open,David Gilbert v Kyren Wilson
Snooker,30-Sep 02:30,Shenzhen Open,Shaun Murphy v Hossein Vafaei
Snooker,30-Sep 12:30,Shenzhen Open,Judd Trump v Anthony McGill
Tennis,29-Sep 05:50,Beijing,Elvina Kalieva v Han Shi
Tennis,29-Sep 08:00,Beijing,Jodie Anna Burrage v Mai Hontama
Tennis,29-Sep 09:00,Adana 125k,Polina Iatcenko v Ekaterine Gorgodze
Tennis,29-Sep 10:10,Adana 125k,Anastasia Tikhonova v Simona Waltert
Tennis,29-Sep 10:10,Mouilleron-le-Captif Challenger,Billy Harris v Felix Balshaw
Tennis,29-Sep 10:40,Bari Challenger,Max Wiskandt v Pierluigi Basile
Tennis,29-Sep 10:45,Bari Challenger,Lorenzo Giustino v John Sperle
Tennis,29-Sep 10:50,Jingshan 125k,Amelia Rajecki v Yuhan Wang
Tennis,29-Sep 10:55,Bari Challenger,Fabrizio Andaloro v Jay Clarke
Tennis,29-Sep 11:05,Porto Challenger,David Jorda Sanchis v Jesper De Jong
Tennis,29-Sep 11:05,Porto Challenger,Goncalo Marques v Petr Nesterov
Tennis,29-Sep 11:30,Mouilleron-le-Captif Challenger,Filippo Romano v Harry Wendelken
Tennis,29-Sep 11:40,Adana 125k,Lola Radivojevic v Melisa Ercan
Tennis,29-Sep 11:40,Adana 125k,Lucia Bronzetti v Lois Boisson
Tennis,29-Sep 12:10,Jingshan 125k,Jessica Bouzas Maneiro v Fangran Tian
Tennis,29-Sep 12:10,Chengdu,Hubert Hurkacz v Alejandro Davidovich Fokina
Tennis,29-Sep 12:45,Adana 125k,Dalma Galfi v Julia Grabher
Tennis,29-Sep 12:45,Hangzhou,Daniil Medvedev v Andrey Rublev
Tennis,29-Sep 12:45,Mouilleron-le-Captif Challenger,Yanis Ghazouani Durand v Nicolai Budkov Kjaer
Tennis,29-Sep 12:45,Adana 125k,Polina Iatcenko v Erika Andreeva
Tennis,29-Sep 13:00,Porto Challenger,Cezar Cretu v Henrique Rocha
Tennis,29-Sep 13:00,Bari Challenger,Samuele Pieri v Andrej Martin
Tennis,29-Sep 13:00,Bari Challenger,Massimo Giunta v Federico Arnaboldi
Tennis,29-Sep 13:00,Porto Challenger,Toby Samuel v Mackenzie McDonald
Tennis,29-Sep 13:00,Porto Challenger,Anton Matusevich v Andrea Guerrieri
Tennis,29-Sep 13:00,Bari Challenger,Imanol Lopez Morillo v Martin Krumich
Tennis,29-Sep 14:00,Curitiba Challenger,Joao Lucas Silva v Murkel Dellien
Tennis,29-Sep 14:00,Curitiba Challenger,Miguel Tobon v Juan Bautista Torres
Tennis,29-Sep 14:00,Mouilleron-le-Captif Challenger,Alexandre Reco v Remy Bertola
Tennis,29-Sep 14:00,Curitiba Challenger,Matias Soto v Lautaro Midon
Tennis,29-Sep 14:00,Mouilleron-le-Captif Challenger,Alberto Barroso Campos v Joel Schwaerzler
Tennis,29-Sep 14:00,Mouilleron-le-Captif Challenger,Alberto Barroso Campos v Joel Schwaerzler
Tennis,29-Sep 14:00,Curitiba Challenger,Felipe Meligeni Rodrigues Alves v Carlos Maria Zarate
Tennis,29-Sep 14:00,Adana 125k,Ksenia Efremova v Martyna Kubka
Tennis,29-Sep 15:00,Bari Challenger,Carlos Taberner v Elmer Moller
Tennis,29-Sep 15:00,Bari Challenger,Pol Martin Tiffon v Laurent Lokoli
Tennis,29-Sep 15:00,Porto Challenger,Otto Virtanen v Tiago Pereira
Tennis,29-Sep 15:00,Porto Challenger,Hugo Grenier v Carl Emil Overbeck
Tennis,29-Sep 15:00,Columbus Challenger,Raphael Perot v Daniil Ostapenkov
Tennis,29-Sep 15:00,Porto Challenger,Alejo Sanchez Quilez v Jacob Fearnley
Tennis,29-Sep 15:00,Columbus Challenger,Abedallah Shelbayh v Li Tu
Tennis,29-Sep 16:00,Curitiba Challenger,Gustavo Heide v Hernan Casanova
Tennis,29-Sep 16:00,Mouilleron-le-Captif Challenger,Mark Lajal v Lucas Poullain
Tennis,29-Sep 16:00,Curitiba Challenger,Alex Barrena v Marcelo Tomas Barrios-Vera
Tennis,29-Sep 16:00,Adana 125k,Carole Monnet v Cagla Buyukakcay
Tennis,29-Sep 16:00,Curitiba Challenger,Bruno Fernandez v Ryan Dickerson
Tennis,29-Sep 16:00,Curitiba Challenger,Matheus Pucinelli De Almeida v Paulo Andre Saraiva Dos Santos
Tennis,29-Sep 17:00,Columbus Challenger,Darwin Blanch v Patrick Maloney
Tennis,29-Sep 17:00,Porto Challenger,Moez Echargui v Damir Dzumhur
Tennis,29-Sep 17:00,Porto Challenger,Luca Potenza v Inaki Montes-De La Torre
Tennis,29-Sep 17:00,Porto Challenger,Edas Butvilas v Michael Geerts
Tennis,29-Sep 17:00,Columbus Challenger,Oliver Okonkwo v Luca Staeheli
Tennis,29-Sep 18:00,Mouilleron-le-Captif Challenger,Clement Chidekh v David Goffin
Tennis,29-Sep 18:00,Curitiba Challenger,Lucas Andrade Da Silva v Genaro Alberto Olivieri
Tennis,29-Sep 18:00,Curitiba Challenger,Gonzalo Villanueva v Juan Carlos Prado Angelo
Tennis,29-Sep 18:00,Adana 125k,Teodora Kostovic v Berfu Cengiz
Tennis,29-Sep 18:00,Curitiba Challenger,Thiago Seyboth Wild v Pedro Dias
Tennis,29-Sep 18:00,Curitiba Challenger,Jose Pereira v Mateus Alves
Tennis,29-Sep 19:00,Columbus Challenger,Igor Marcondes v Andrew Fenty
Tennis,29-Sep 19:00,Columbus Challenger,Dylan Dietrich v JJ Wolf
Tennis,29-Sep 20:00,Curitiba Challenger,Guido Ivan Justo v Franco Roncadelli
Tennis,29-Sep 20:00,Mouilleron-le-Captif Challenger,Viktor Durasovic v Ugo Blanchet
Tennis,29-Sep 20:00,Mouilleron-le-Captif Challenger,Viktor Durasovic v Ugo Blanchet
Tennis,29-Sep 20:00,Curitiba Challenger,Eduardo Ribeiro v Pedro Sakamoto
Tennis,29-Sep 21:00,Columbus Challenger,Trevor Svajda v Andres Andrade
Tennis,29-Sep 21:00,Columbus Challenger,Duncan Chan v Colton Smith
Tennis,29-Sep 22:00,Curitiba Challenger,Samuel Heredia v Joao Eduardo Schiessl
Tennis,29-Sep 22:30,Curitiba Challenger,Guto Miguel v Facundo Mena
Tennis,29-Sep 23:00,Columbus Challenger,Stefan Kozlov v Aidan Kim
Tennis,29-Sep 23:00,Columbus Challenger,Kaylan Bigun v Keegan Smith
Tennis,30-Sep 01:00,Columbus Challenger,Bryce Nakashima v Jack Kennedy
Tennis,30-Sep 01:00,Columbus Challenger,Nikita Samuel Filin v Aidan Mayo
Tennis,30-Sep 02:00,Beijing,Viktorija Golubic v Alina Korneeva
Tennis,30-Sep 02:00,Beijing,Petra Marcinko v Magdalena Frech
Tennis,30-Sep 03:00,Tokyo,Jiri Lehecka v Zizou Bergs
Tennis,30-Sep 03:00,Tokyo,Valentin Vacherot v Alexander Blockx
Tennis,30-Sep 04:00,Jingshan Challenger,Masamichi Imamura v Petr Bar Biryukov
Tennis,30-Sep 04:00,Jingshan 125k,Wushuang Zheng v Sara Sorribes Tormo
Tennis,30-Sep 04:00,Beijing,Elena-Gabriela Ruse v Lilli Tagger
Tennis,30-Sep 04:00,Beijing,Karen Khachanov v Felix Auger Aliassime
Tennis,30-Sep 04:00,Beijing,Maya Joint v Sinja Kraus
Tennis,30-Sep 04:00,Beijing,Janice Tjen v Anhelina Kalinina
Tennis,30-Sep 04:00,Jingshan Challenger,Mattia Bellucci v Alexandre Muller
Tennis,30-Sep 04:00,Beijing,Darja Vidmanova v Maria Timofeeva
Tennis,30-Sep 04:00,Jingshan Challenger,Adam Walton v Moise Kouame
Tennis,30-Sep 04:00,Beijing,Caty Mcnally v Dayana Yastremska
Tennis,30-Sep 04:00,Jingshan 125k,Chenting Zhu v Emerson Jones
Tennis,30-Sep 04:00,Jingshan 125k,Alexandra Shubladze v Jia-Jing Lu
Tennis,30-Sep 04:00,Jingshan Challenger,Elias Ymer v Terence Atmane
Tennis,30-Sep 05:00,Tokyo,Alejandro Tabilo v Tommy Paul
Tennis,30-Sep 05:00,Tokyo,Tomas Martin Etcheverry v Stefanos Tsitsipas
Tennis,30-Sep 06:00,Beijing,Aliaksandra Sasnovich v Talia Gibson
Tennis,30-Sep 06:00,Beijing,Daria Snigur v Katarzyna Kawa
Tennis,30-Sep 06:00,Beijing,Daria Snigur v Katarzyna Kawa
Tennis,30-Sep 06:00,Jingshan Challenger,James McCabe v Federico Cina
Tennis,30-Sep 06:00,Beijing,Viktorija Golubic v Elvina Kalieva
Tennis,30-Sep 06:00,Beijing,Jan-Lennard Struff v Thiago Agustin Tirante
Tennis,30-Sep 06:00,Jingshan Challenger,Lloyd George Harris v Alexis Galarneau
Tennis,30-Sep 06:00,Beijing,Mayar Sherif v Polina Kudermetova
Tennis,30-Sep 06:00,Jingshan 125k,Sijia Wei v Fiona Ferro
Tennis,30-Sep 06:00,Jingshan Challenger,Marat Sharipov v Dalibor Svrcina
Tennis,30-Sep 06:00,Jingshan Challenger,Evan Zhu v Hanyi Liu
Tennis,30-Sep 08:00,Jingshan Challenger,Omar Jasika v Dane Sweeny
Tennis,30-Sep 08:00,Beijing,Maddison Inglis v Zeynep Sonmez
Tennis,30-Sep 08:00,Tokyo,Arthur Fils v Luca Van Assche
Tennis,30-Sep 08:00,Beijing,Juan Manuel Cerundolo v Bu Yunchaokete
Tennis,30-Sep 08:00,Beijing,Zhuoxuan Bai v Linda Fruhvirtova
Tennis,30-Sep 08:00,Beijing,Oleksandra Oliynykova v Yue Yuan
Tennis,30-Sep 09:00,Adana 125k,Antonia Ruzic v Julia Riera
Tennis,30-Sep 09:00,Adana 125k,Viktoria Hruncakova v Anna Blinkova
Tennis,30-Sep 09:00,Adana 125k,Fiona Crawley v Elena Pridankina
Tennis,30-Sep 10:00,Tokyo,Matteo Arnaldi v Rei Sakamoto
Tennis,30-Sep 10:00,Beijing,Mai Hontama v Katie Boulter
Tennis,30-Sep 10:00,Mouilleron-le-Captif Challenger,Harold Mayot v Niels Visker
Tennis,30-Sep 10:00,Mouilleron-le-Captif Challenger,Daniil Glinka v Henry Bernet
Tennis,30-Sep 10:00,Mouilleron-le-Captif Challenger,Sascha Gueymard Wayenburg v Gauthier Onclin
Tennis,30-Sep 10:00,Mouilleron-le-Captif Challenger,Philip Henning v Tristan Schoolkate
Tennis,30-Sep 10:00,Mouilleron-le-Captif Challenger,Clement Tabur v Thomas Faurel
Tennis,30-Sep 10:00,Mouilleron-le-Captif Challenger,Liam Broady v Dominic Stricker
Tennis,30-Sep 10:00,Beijing,Zhizhen Zhang v Arthur Gea
Tennis,30-Sep 10:00,Beijing,Taylah Preston v Tamara Korpatsch
Tennis,30-Sep 10:00,Bari Challenger,Gianluca Cadenasso v Lorenzo Angelini
Tennis,30-Sep 10:00,Bari Challenger,Zsombor Piros v Enrico Dalla Valle
Tennis,30-Sep 10:00,Bari Challenger,Dimitar Kuzmanov v Vitaliy Sachko
Tennis,30-Sep 10:00,Bari Challenger,Dimitar Kuzmanov v Vitaliy Sachko
Tennis,30-Sep 12:00,Beijing,Elsa Jacquemot v Magdalena Frech
Tennis,30-Sep 12:00,Beijing,Nuno Borges v Novak Djokovic
Tennis,30-Sep 14:00,Beijing,Anna Bondar v Renata Zarazua
Tennis,30-Sep 15:00,Columbus Challenger,Braden Shick v Mees Rottgering
Tennis,01-Oct 02:00,Jingshan 125k,Aliona Falei v Kristiana Sidorova
Tennis,01-Oct 02:00,Tokyo,Holger Rune v Kyrian Jacquet
Tennis,01-Oct 02:00,Beijing,Daniil Medvedev v Pablo Carreno-Busta
Tennis,01-Oct 02:00,Beijing,Alex Molcan v Arthur Rinderknech
Tennis,01-Oct 02:00,Jingshan 125k,Alevtina Ibragimova v Kyoka Okamura
Tennis,01-Oct 02:00,Beijing,Botic van de Zandschulp v Francisco Cerundolo
Tennis,01-Oct 02:00,Jingshan 125k,Sofya Lansere v Sofia Costoulas
Tennis,01-Oct 02:00,Tokyo,Taylor Fritz v Jaume Munar
Tennis,01-Oct 02:00,Beijing,Harriet Dart v Yihan Qu
Tennis,01-Oct 02:00,Tokyo,Adolfo Daniel Vallejo v Rafael Jodar
Tennis,01-Oct 02:00,Beijing,Katie Volynets v Robin Montgomery
Tennis,01-Oct 02:00,Jingshan Challenger,Yuta Shimizu v Bernard Tomic
Tennis,01-Oct 02:00,Tokyo,Luciano Darderi v Casper Ruud
Tennis,01-Oct 02:00,Beijing,Marina Bassols Ribera v Kamilla Rakhimova
Tennis,01-Oct 02:00,Tokyo,Carlos Alcaraz Garfia v Alex Michelsen
Tennis,01-Oct 02:00,Beijing,Yu Jun Lin v Storm Hunter
Tennis,01-Oct 02:00,Tokyo,Denis Shapovalov v Sho Shimabukuro
Tennis,01-Oct 02:00,Beijing,Qinwen Zheng v Han Shi
Tennis,01-Oct 02:00,Beijing,Alexander Zverev v Cameron Norrie
Tennis,01-Oct 02:00,Beijing,Sonay Kartal v Andrea Lazaro Garcia
Tennis,01-Oct 02:00,Beijing,Roman Safiullin v Flavio Cobolli
Tennis,01-Oct 02:00,Tokyo,Lorenzo Musetti v Arthur Fery
Tennis,01-Oct 02:00,Beijing,Alex De Minaur v Mariano Navone
Tennis,01-Oct 02:00,Tokyo,Kei Nishikori v Frances Tiafoe
Tennis,01-Oct 02:00,Beijing,Ignacio Buse v Quentin Halys
Tennis,01-Oct 02:00,Tokyo,Alejandro Davidovich Fokina v Matteo Berrettini
Tennis,01-Oct 02:00,Tokyo,Alejandro Davidovich Fokina v Matteo Berrettini
Tennis,01-Oct 02:00,Beijing,Alexander Bublik v Jakub Mensik
Tennis,01-Oct 02:00,Tokyo,Brandon Nakashima v Ugo Humbert
Tennis,01-Oct 02:00,Beijing,Aoi Ito v Kimberly Birrell
Tennis,01-Oct 02:00,Beijing,Juncheng Shang v Sebastian Baez
Tennis,01-Oct 02:00,Beijing,Lanlana Tararudee v Maria Camila Osorio Serrano
Tennis,01-Oct 02:00,Beijing,Tallon Griekspoor v Andrey Rublev
Tennis,01-Oct 02:00,Beijing,Sofia Kenin v Ashlyn Krueger
Tennis,01-Oct 02:00,Beijing,Learner Tien v Hubert Hurkacz
Tennis,01-Oct 02:00,Beijing,Paula Badosa Gibert v Daria Kasatkina
Tennis,01-Oct 02:00,Beijing,Magda Linette v Katerina Siniakova
Tennis,01-Oct 02:00,Jingshan Challenger,Michael Zheng v Yanki Erel
Tennis,01-Oct 02:00,Beijing,Yuliia Starodubtseva v Alina Charaeva
Tennis,01-Oct 02:00,Beijing,Yushan Shao v Anastasia Zakharova
Tennis,01-Oct 02:00,Beijing,Eva Lys v Xinran Sun
Tennis,01-Oct 02:00,Beijing,Alycia Parks v Lin Zhu
Tennis,01-Oct 02:00,Beijing,Xinyu Gao v Panna Udvardy
TennisDoubles,29-Sep 11:30,Jingshan 125k,"Hiroko Kuwata, Wushuang Zheng v Priska Nugroho, Ekaterina Yashina"
TennisDoubles,29-Sep 12:40,Jingshan 125k,"Ya-Hsin Lee, Qiu Yu Ye v Guo Meiqi, Yidi Yang"
TennisDoubles,29-Sep 13:00,Adana 125k,"Elena Pridankina, Anastasia Tikhonova v Polina Iatcenko, Naima Karamoko"
TennisDoubles,29-Sep 13:00,Adana 125k,"Dalila Jakupovic, Lara Salden v Noma Noha Akugue, Anita Wagner"
TennisDoubles,29-Sep 13:45,Adana 125k,"Mariana Drazic, Marie Mattel v Viktoria Hruncakova, Anna Siskova"
TennisDoubles,29-Sep 14:45,Adana 125k,"Fiona Crawley, Jaeda Daniel v Tenika Mcgiffin, Elena Micic"
TennisDoubles,29-Sep 16:00,Adana 125k,"Ayla Aksu, Aysegul Mert v Bertea Elena Ruxandra, Melisa Ercan"
TennisDoubles,30-Sep 03:00,Beijing,"Yi Zhou, Zhizhen Zhang v Jakob Schnaitter, Mark Wallner"
TennisDoubles,30-Sep 04:30,Tokyo,"Jean-Julien Rojer, Theo Winegar v David Stevenson, Marcus Willis"
TennisDoubles,30-Sep 05:30,Tokyo,"Andrea Vavassori, Simone Bolelli v Seita Watanabe, Shintaro Mochizuki"
TennisDoubles,30-Sep 05:30,Jingshan 125k,"Sofya Lansere, Alexandra Shubladze v Shuo Feng, Fangran Tian"
TennisDoubles,30-Sep 05:30,Jingshan 125k,"Daria Egorova, Alevtina Ibragimova v Tyra Caterina Grant, Emerson Jones"
TennisDoubles,30-Sep 06:30,Beijing,"Alexander Bublik, Juncheng Shang v Arthur Rinderknech, Francisco Cerundolo"
TennisDoubles,30-Sep 06:45,Tokyo,"Lucas Miedler, Neil Oberleitner v Alexander Blockx, Alex Michelsen"
TennisDoubles,30-Sep 07:00,Jingshan 125k,"Eri Hozumi, Sara Sorribes Tormo v Yujia Huang, Natsumi Kawaguchi"
TennisDoubles,30-Sep 13:00,Adana 125k,"Emiliana Arango, Antonia Ruzic v Weronika Falkowska, Alana Smith"
TennisDoubles,30-Sep 13:00,Adana 125k,"Freya Christie, Eden Silva v Carole Monnet, Julia Riera"
TennisDoubles,30-Sep 13:00,Adana 125k,"Dalma Galfi, Simona Waltert v Angelica Moratelli, Vendula Valdmannova"
TennisDoubles,01-Oct 02:00,Beijing,"Guido Andreozzi, Manuel Guinard v David Pel, Sander Arends"
TennisDoubles,01-Oct 02:00,Beijing,"Robert Cash, Alexander Erler v Rafael Matos, Orlando Luz"
TennisDoubles,01-Oct 02:00,Beijing,"Karen Khachanov, Andrey Rublev v Julian Cash, Lloyd Glasspool"
TennisDoubles,01-Oct 02:00,Beijing,"Francisco Cabral, JJ Tracy v Ignacio Buse, Flavio Cobolli"
TennisDoubles,01-Oct 02:00,Beijing,"Marcelo Melo, Alexander Zverev v Constantin Frantzen, Robin Haase"
TennisDoubles,01-Oct 03:00,Tokyo,"Brandon Nakashima, Evan King v Theo Arribage, Albano Olivetti"
TennisDoubles,01-Oct 03:00,Tokyo,"Austin Krajicek, Nikola Mektic v Petr Nouza, Michael Venus"
TennisDoubles,01-Oct 03:00,Tokyo,"Patrik Rikl, Luke Johnson v Jan Zielinski, Marc Polmans"
TennisDoubles,01-Oct 03:00,Tokyo,"Luciano Darderi, Tomas Martin Etcheverry v Rinky Hijikata, Kaito Uesugi"
TennisDoubles,01-Oct 03:00,Tokyo,"Robert Galloway, Andre Goransson v Luca Van Assche, Alejandro Tabilo"
Test Cricket,29-Sep 05:00,Women's Test Match,India A Women v Australia A Women
Test Cricket,29-Sep 05:00,International Test Match,India A v Australia A
Test Cricket,01-Oct 05:00,Irani Cup,Jammu & Kashmir v Rest of India
Test Cricket,01-Oct 05:00,,Tamil Nadu Under-23s v Rest of India Under-23s
